"di_id","year","value","budget-type"
"AE",2000,,"actual"
"AE",2001,,"actual"
"AE",2002,,"actual"
"AE",2003,,"actual"
"AE",2004,,"actual"
"AE",2005,,"actual"
"AE",2006,,"actual"
"AE",2007,,"actual"
"AE",2008,,"actual"
"AE",2009,,"actual"
"AE",2010,,"actual"
"AE",2011,,"actual"
"AE",2012,0,"actual"
"AE",2013,0,"actual"
"AE",2014,0,"actual"
"AE",2015,0,"actual"
"AE",2016,0,"actual"
"AE",2017,0,"proj"
"AE",2018,0,"proj"
"AF",2000,,"actual"
"AF",2001,,"actual"
"AF",2002,,"actual"
"AF",2003,61.6581666012816,"actual"
"AF",2004,59.0157988070289,"actual"
"AF",2005,64.4789787706397,"actual"
"AF",2006,63.668430335097,"actual"
"AF",2007,55.3488372093023,"actual"
"AF",2008,61.5207373271889,"actual"
"AF",2009,55.7692307692308,"actual"
"AF",2010,49.7626582278481,"actual"
"AF",2011,48.2855536818437,"actual"
"AF",2012,59.823484267076,"actual"
"AF",2013,59.9117322545053,"actual"
"AF",2014,64.3112062812277,"actual"
"AF",2015,59.4226940942269,"actual"
"AF",2016,59.0301974448316,"actual"
"AF",2017,51.6249640494679,"actual"
"AF",2018,51.4672686230248,"proj"
"AF",2019,54.4227524704748,"proj"
"AF",2020,56.2315789473684,"proj"
"AF",2021,55.1169590643275,"proj"
"AF",2022,52.9780061004977,"proj"
"AF",2023,50.3958156629912,"proj"
"AG",2000,18.0904522613065,"actual"
"AG",2001,2.76797829036635,"actual"
"AG",2002,5.81947743467934,"actual"
"AG",2003,0.743667208924007,"actual"
"AG",2004,1.13089005235602,"actual"
"AG",2005,3.94736842105263,"actual"
"AG",2006,10.9809663250366,"actual"
"AG",2007,2.64550264550265,"actual"
"AG",2008,3.86100386100386,"actual"
"AG",2009,0,"actual"
"AG",2010,6.53120464441219,"actual"
"AG",2011,3.69181380417336,"actual"
"AG",2012,0.149253731343284,"actual"
"AG",2013,0,"actual"
"AG",2014,0.72992700729927,"actual"
"AG",2015,0,"actual"
"AG",2016,0,"actual"
"AG",2017,0,"proj"
"AG",2018,,"proj"
"AG",2019,,"proj"
"AG",2020,,"proj"
"AL",2000,4.37189237198753,"actual"
"AL",2001,2.63742265596367,"actual"
"AL",2002,2.65544041450777,"actual"
"AL",2003,1.56062424969988,"actual"
"AL",2004,1.41150922909881,"actual"
"AL",2005,3.04219823356232,"actual"
"AL",2006,2.12014134275618,"actual"
"AL",2007,0.523982265215639,"actual"
"AL",2008,1.44379511859746,"actual"
"AL",2009,1.47502514247402,"actual"
"AL",2010,1.43436233239788,"actual"
"AL",2011,1.14977307110439,"actual"
"AL",2012,1.69440242057489,"actual"
"AL",2013,1.76034589252625,"actual"
"AL",2014,2.75504637206765,"actual"
"AL",2015,2.96688741721854,"actual"
"AL",2016,3.62193004217316,"actual"
"AL",2017,3.12996144250397,"proj"
"AL",2018,3.5668242372153,"proj"
"AL",2019,3.57360406091371,"proj"
"AL",2020,3.58778625954198,"proj"
"AL",2021,3.28638497652582,"proj"
"AL",2022,3.31680629167379,"proj"
"AM",2000,,"actual"
"AM",2001,9.22693266832918,"actual"
"AM",2002,18.4968847352025,"actual"
"AM",2003,18.1094182825485,"actual"
"AM",2004,3.30494037478705,"actual"
"AM",2005,2.78488206876954,"actual"
"AM",2006,2.53562447611065,"actual"
"AM",2007,3.71541501976285,"actual"
"AM",2008,2.06651156425346,"actual"
"AM",2009,3.23367907260525,"actual"
"AM",2010,3.84091528193953,"actual"
"AM",2011,6.93828639904134,"actual"
"AM",2012,1.89313319144169,"actual"
"AM",2013,1.06772120612951,"actual"
"AM",2014,1.362013901935,"actual"
"AM",2015,2.56457564575646,"actual"
"AM",2016,2.60781422779211,"actual"
"AM",2017,2.30910303434478,"proj"
"AM",2018,1.88073035028603,"proj"
"AM",2019,0.961333048493912,"proj"
"AM",2020,,"proj"
"AO",2000,,"actual"
"AO",2001,,"actual"
"AO",2002,,"actual"
"AO",2003,,"actual"
"AO",2004,,"actual"
"AO",2005,,"actual"
"AO",2006,0,"actual"
"AO",2007,0.108250576551984,"actual"
"AO",2008,0.0621697233447311,"actual"
"AO",2009,0.096665055582407,"actual"
"AO",2010,0.0606980273141123,"actual"
"AO",2011,0.0418760469011725,"actual"
"AO",2012,0.039564787339268,"actual"
"AO",2013,0.0412456176531244,"actual"
"AO",2014,0.0454235748353395,"actual"
"AO",2015,0.0297000297000297,"actual"
"AO",2016,0.0689417442261289,"actual"
"AO",2017,0.15281173594132,"proj"
"AO",2018,0,"proj"
"AO",2019,0,"proj"
"AO",2020,,"proj"
"AR",2011,0,"actual"
"AR",2012,0,"actual"
"AR",2013,0,"actual"
"AR",2014,0,"actual"
"AR",2015,0,"actual"
"AR",2016,0,"actual"
"AR",2017,0,"actual"
"AR",2018,0,"proj"
"AR",2019,0,"proj"
"AZ",2000,,"actual"
"AZ",2001,,"actual"
"AZ",2002,,"actual"
"AZ",2003,0.313807531380753,"actual"
"AZ",2004,0,"actual"
"AZ",2005,0.350095480585614,"actual"
"AZ",2006,0.0952018278750952,"actual"
"AZ",2007,0,"actual"
"AZ",2008,0,"actual"
"AZ",2009,0,"actual"
"AZ",2010,0.0154758834150116,"actual"
"AZ",2011,0.030051946936848,"actual"
"AZ",2012,0,"actual"
"AZ",2013,0,"actual"
"AZ",2014,0,"actual"
"AZ",2015,0,"actual"
"AZ",2016,0,"proj"
"AZ",2017,0,"proj"
"BA",2000,17.6337757047402,"actual"
"BA",2001,14.5769117862909,"actual"
"BA",2002,12.8854930161803,"actual"
"BA",2003,12.6482213438735,"actual"
"BA",2004,7.01357466063348,"actual"
"BA",2005,6.57894736842105,"actual"
"BA",2006,5.46218487394958,"actual"
"BA",2007,6.5843621399177,"actual"
"BA",2008,4.80157663710472,"actual"
"BA",2009,4.75957228542647,"actual"
"BA",2010,5.37634408602151,"actual"
"BA",2011,4.57516339869281,"actual"
"BA",2012,4.78656873032529,"actual"
"BA",2013,2.02438602559668,"actual"
"BA",2014,2.27690853545327,"actual"
"BA",2015,1.95845265252633,"actual"
"BA",2016,1.75302428048388,"actual"
"BA",2017,1.51355958355069,"proj"
"BA",2018,1.5025006946374,"proj"
"BA",2019,5.75164048518592,"proj"
"BA",2020,5.73778118966199,"proj"
"BD",2000,,"actual"
"BD",2001,,"actual"
"BD",2002,0,"actual"
"BD",2003,0,"actual"
"BD",2004,0,"actual"
"BD",2005,0,"actual"
"BD",2006,0,"actual"
"BD",2007,5.46875,"actual"
"BD",2008,3.90243902439024,"actual"
"BD",2009,3.14842578710645,"actual"
"BD",2010,5.25657071339174,"actual"
"BD",2011,2.21285563751317,"actual"
"BD",2012,4.12805391743892,"actual"
"BD",2013,4.30906389301634,"actual"
"BD",2014,4.3626448534424,"actual"
"BD",2015,1.68350168350168,"actual"
"BD",2016,1.03033772180881,"actual"
"BD",2017,0.544554455445544,"actual"
"BD",2018,1.83409754064193,"proj"
"BD",2019,,"proj"
"BD",2020,,"proj"
"BF",2000,,"actual"
"BF",2001,39.3995749202976,"actual"
"BF",2002,31.3673631314467,"actual"
"BF",2003,30.6451612903226,"actual"
"BF",2004,25.4167568737822,"actual"
"BF",2005,26.494866116368,"actual"
"BF",2006,31.1578947368421,"actual"
"BF",2007,32.3289777094543,"actual"
"BF",2008,23.287888395688,"actual"
"BF",2009,30.1270417422868,"actual"
"BF",2010,22.5971370143149,"actual"
"BF",2011,24.2241955504631,"actual"
"BF",2012,21.7391304347826,"actual"
"BF",2013,22.4942775889575,"actual"
"BF",2014,19.4080690333813,"actual"
"BF",2015,17.9968701095462,"actual"
"BF",2016,12.7659574468085,"actual"
"BF",2017,12.2552116234997,"actual"
"BF",2018,14.7639956092206,"proj"
"BF",2019,15.3620352250489,"proj"
"BF",2020,14.0421713772992,"proj"
"BF",2021,14.0920295809367,"proj"
"BI",2000,,"actual"
"BI",2001,,"actual"
"BI",2002,,"actual"
"BI",2003,,"actual"
"BI",2004,42.4657534246575,"actual"
"BI",2005,36.9732502748259,"actual"
"BI",2006,48.5911443358252,"actual"
"BI",2007,52.8513481269387,"actual"
"BI",2008,66.9642857142857,"actual"
"BI",2009,57.4534161490683,"actual"
"BI",2010,60.9606705351386,"actual"
"BI",2011,57.3694029850746,"actual"
"BI",2012,53.6722666901223,"actual"
"BI",2013,55.2847471127041,"actual"
"BI",2014,48.6689633573442,"actual"
"BI",2015,19.8524715129506,"actual"
"BI",2016,16.7103283746114,"actual"
"BI",2017,16.3513496521358,"actual"
"BI",2018,30.51801962697,"proj"
"BI",2019,30.0902063019759,"proj"
"BI",2020,,"proj"
"BJ",2000,9.2087312414734,"actual"
"BJ",2001,14.0672782874618,"actual"
"BJ",2002,5.63463819691578,"actual"
"BJ",2003,9.49677419354839,"actual"
"BJ",2004,13.6821419798575,"actual"
"BJ",2005,11.1059587294227,"actual"
"BJ",2006,11.7858654253068,"actual"
"BJ",2007,12.5857393523688,"actual"
"BJ",2008,8.2109584714985,"actual"
"BJ",2009,14.8076923076923,"actual"
"BJ",2010,7.17364532019704,"actual"
"BJ",2011,12.5739858524614,"actual"
"BJ",2012,9.19235737947189,"actual"
"BJ",2013,4.97989453891238,"actual"
"BJ",2014,5.34675072744908,"actual"
"BJ",2015,3.39502534480726,"actual"
"BJ",2016,4.44643772424398,"actual"
"BJ",2017,5.72027553159629,"actual"
"BJ",2018,7.49728359290112,"proj"
"BJ",2019,9.06491759165826,"proj"
"BJ",2020,8.11930405965203,"proj"
"BJ",2021,6.5953532738298,"proj"
"BJ",2022,6.63041463263919,"proj"
"BO",2000,,"actual"
"BO",2001,9.43232074240557,"actual"
"BO",2002,8.89615357863254,"actual"
"BO",2003,11.8904254615232,"actual"
"BO",2004,9.19200969799188,"actual"
"BO",2005,6.79367953254876,"actual"
"BO",2006,5.37600244017132,"actual"
"BO",2007,4.78205670757512,"actual"
"BO",2008,3.09278350515464,"actual"
"BO",2009,3.35195530726257,"actual"
"BO",2010,3.31325301204819,"actual"
"BO",2011,2.20994475138122,"actual"
"BO",2012,1.85676392572944,"actual"
"BO",2013,0.769230769230769,"actual"
"BO",2014,0.75187969924812,"actual"
"BO",2015,1.05820105820106,"actual"
"BO",2016,0.602409638554217,"actual"
"BO",2017,0.630914826498423,"proj"
"BO",2018,0.628930817610063,"proj"
"BO",2019,0.626959247648903,"proj"
"BO",2020,0.626959247648903,"proj"
"BO",2021,0.632911392405063,"proj"
"BO",2022,0.636942675159236,"proj"
"BR",2000,,"actual"
"BR",2001,,"actual"
"BR",2002,,"actual"
"BR",2003,,"actual"
"BR",2004,,"actual"
"BR",2005,,"actual"
"BR",2006,,"actual"
"BR",2007,,"actual"
"BR",2008,0,"actual"
"BR",2009,0,"actual"
"BR",2010,0,"actual"
"BR",2011,0,"actual"
"BR",2012,0,"actual"
"BR",2013,0,"actual"
"BR",2014,0,"actual"
"BR",2015,0,"actual"
"BR",2016,0,"actual"
"BR",2017,0,"actual"
"BR",2018,0,"proj"
"BR",2019,,"proj"
"BR",2020,,"proj"
"BT",2000,,"actual"
"BT",2001,,"actual"
"BT",2002,42.3663690812521,"actual"
"BT",2003,32.1661468670258,"actual"
"BT",2004,51.4872385338707,"actual"
"BT",2005,41.8909857266022,"actual"
"BT",2006,48.2103999399715,"actual"
"BT",2007,37.3103705545884,"actual"
"BT",2008,32.4636254239142,"actual"
"BT",2009,31.8803335919317,"actual"
"BT",2010,35.8793159083575,"actual"
"BT",2011,37.2639500212977,"actual"
"BT",2012,38.0490031958606,"proj"
"BT",2013,31.1831463605531,"actual"
"BT",2014,37.981910834823,"actual"
"BT",2015,28.3650558468202,"actual"
"BT",2016,34.6887773911047,"actual"
"BT",2017,30.4136907349148,"actual"
"BT",2018,,"proj"
"BT",2019,,"proj"
"BT",2020,,"proj"
"BW",2000,,"actual"
"BW",2001,,"actual"
"BW",2002,,"actual"
"BW",2003,0.376612953015991,"actual"
"BW",2004,1.93785499498831,"actual"
"BW",2005,0.50747743297256,"actual"
"BW",2006,1.64180745409902,"actual"
"BW",2007,2.01543889063537,"actual"
"BW",2008,2.10736393464804,"actual"
"BW",2009,2.64962271302071,"actual"
"BW",2010,1.05414931111823,"actual"
"BW",2011,1.38488320731676,"actual"
"BW",2012,0.249657920637588,"actual"
"BW",2013,0.95980275613085,"proj"
"BW",2014,0.715563506261181,"actual"
"BW",2015,0.210970464135021,"actual"
"BW",2016,0.347826086956522,"actual"
"BW",2017,0.515463917525773,"actual"
"BW",2018,0.348432055749129,"proj"
"BW",2019,0.487012987012987,"proj"
"BW",2020,0.45045045045045,"proj"
"BW",2021,0.422535211267606,"proj"
"BW",2022,0.394218134034166,"proj"
"BW",2023,0.352112676056338,"proj"
"BY",2000,,"actual"
"BY",2001,,"actual"
"BY",2002,,"actual"
"BY",2003,,"actual"
"BY",2004,,"actual"
"BY",2005,,"actual"
"BY",2006,,"actual"
"BY",2007,,"actual"
"BY",2008,0,"actual"
"BY",2009,0,"actual"
"BY",2010,0,"actual"
"BY",2011,0,"actual"
"BY",2012,0,"actual"
"BY",2013,0,"actual"
"BY",2014,0,"actual"
"BY",2015,0,"actual"
"BY",2016,0,"actual"
"BY",2017,0,"proj"
"BY",2018,0,"proj"
"BY",2019,0,"proj"
"BY",2020,0,"proj"
"BY",2021,,"proj"
"BY",2022,,"proj"
"BZ",1999,7.07964601769912,"actual"
"BZ",2000,6.30630630630631,"actual"
"BZ",2001,4.0650406504065,"actual"
"BZ",2003,1.40845070422535,"actual"
"BZ",2004,6.57894736842105,"actual"
"BZ",2005,2.56410256410256,"actual"
"BZ",2006,5.83596214511041,"actual"
"BZ",2007,3.41997264021888,"actual"
"BZ",2008,11.1969111969112,"actual"
"BZ",2009,4.61329715061058,"actual"
"BZ",2010,0.89974293059126,"actual"
"BZ",2011,3.94736842105263,"actual"
"BZ",2012,2.50596658711217,"actual"
"BZ",2013,4.3956043956044,"actual"
"BZ",2014,3.8961038961039,"actual"
"BZ",2015,2.002002002002,"proj"
"BZ",2016,4.3684710351377,"actual"
"BZ",2017,3.95956192080876,"proj"
"BZ",2018,3.99348003259984,"proj"
"BZ",2019,3.98749022673964,"proj"
"BZ",2020,3.89805097451274,"proj"
"BZ",2021,3.89048991354467,"proj"
"CD",2000,,"actual"
"CD",2001,,"actual"
"CD",2002,,"actual"
"CD",2003,,"actual"
"CD",2004,,"actual"
"CD",2005,,"actual"
"CD",2006,,"actual"
"CD",2007,13.2269099201824,"actual"
"CD",2008,11.1356932153392,"actual"
"CD",2009,30.7343608340888,"actual"
"CD",2010,42.6571646729448,"actual"
"CD",2011,31.1246509266311,"actual"
"CD",2012,16.6933821845661,"actual"
"CD",2013,15.6059285091543,"actual"
"CD",2014,27.6272197111146,"actual"
"CD",2015,22.5679331366795,"actual"
"CD",2016,26.3225308661573,"actual"
"CD",2017,,"proj"
"CD",2018,,"proj"
"CD",2019,,"proj"
"CD",2020,,"proj"
"CF",2000,,"actual"
"CF",2001,27.7714285714286,"actual"
"CF",2002,25.9678942398489,"actual"
"CF",2003,15.8555729984301,"actual"
"CF",2004,28.9171974522293,"actual"
"CF",2005,33.4090909090909,"actual"
"CF",2006,58.3995459704881,"actual"
"CF",2007,28.5470085470085,"actual"
"CF",2008,31.4031180400891,"actual"
"CF",2009,32.8675981370592,"actual"
"CF",2010,32.2867298578199,"actual"
"CF",2011,19.0441708906589,"actual"
"CF",2012,29.7461368653422,"actual"
"CF",2013,32.9093799682035,"actual"
"CF",2014,68.7594553706505,"actual"
"CF",2015,50.4101416853095,"actual"
"CF",2016,42.2841604350782,"actual"
"CF",2017,39.3251135626217,"actual"
"CF",2018,44.7407407407407,"proj"
"CF",2019,44.3509082853345,"proj"
"CF",2020,41.2970711297071,"proj"
"CF",2021,38.3096366508689,"proj"
"CF",2022,37.1055495103373,"proj"
"CF",2023,36.0213262245918,"proj"
"CG",2000,1.1158516573679,"actual"
"CG",2001,0.631911532385466,"actual"
"CG",2002,0.694444444444444,"actual"
"CG",2003,1.62866449511401,"actual"
"CG",2004,1.07238605898123,"actual"
"CG",2005,0.481540930979133,"actual"
"CG",2006,0.278241513633834,"actual"
"CG",2007,0.949968334388854,"actual"
"CG",2008,1.40168201842211,"actual"
"CG",2009,1.12359550561798,"actual"
"CG",2010,0.179291797400269,"actual"
"CG",2011,1.20939875604699,"actual"
"CG",2012,0.336021505376344,"actual"
"CG",2013,0.832532821005444,"actual"
"CG",2014,1.08278030038421,"actual"
"CG",2015,3.15861753261616,"actual"
"CG",2016,3.18964156008211,"actual"
"CG",2017,,"proj"
"CG",2018,,"proj"
"CG",2019,,"proj"
"CG",2020,,"proj"
"CI",2000,,"actual"
"CI",2001,,"actual"
"CI",2002,,"actual"
"CI",2003,,"actual"
"CI",2004,5.03482587064677,"actual"
"CI",2005,6.04086845466156,"actual"
"CI",2006,3.21254920120398,"actual"
"CI",2007,2.86447199657974,"actual"
"CI",2008,8.32444465055883,"actual"
"CI",2009,2.97529234251226,"actual"
"CI",2010,2.70052758651525,"actual"
"CI",2011,1.90625181064952,"actual"
"CI",2012,3.09758144502937,"actual"
"CI",2013,6.62916173180682,"actual"
"CI",2014,9.23058237687496,"actual"
"CI",2015,7.2046771681687,"actual"
"CI",2016,7.00090983096298,"actual"
"CI",2017,5.89904453656698,"actual"
"CI",2018,6.19429225611252,"proj"
"CI",2019,5.57111967660054,"proj"
"CI",2020,5.26846096044812,"proj"
"CI",2021,4.56215506324166,"proj"
"CI",2022,3.21493873907598,"proj"
"CI",2023,2.71291117767116,"proj"
"CL",2000,0.917431192660551,"actual"
"CL",2001,1.37614678899083,"actual"
"CL",2002,0.943396226415094,"actual"
"CL",2003,0.961538461538462,"actual"
"CL",2004,0.454545454545455,"actual"
"CL",2005,0.840336134453782,"actual"
"CL",2006,0.775193798449612,"actual"
"CL",2007,0.740740740740741,"actual"
"CL",2008,0.411522633744856,"actual"
"CL",2009,0.523560209424084,"actual"
"CL",2010,0.465116279069767,"actual"
"CL",2011,0.43859649122807,"actual"
"CL",2012,0.448430493273543,"actual"
"CL",2013,0.4739336492891,"actual"
"CL",2014,0,"actual"
"CL",2015,0.469483568075117,"actual"
"CL",2016,0.4739336492891,"proj"
"CL",2017,0,"proj"
"CL",2018,,"proj"
"CL",2019,,"proj"
"CL",2020,,"proj"
"CM",2000,,"actual"
"CM",2001,,"actual"
"CM",2002,1.77909562638992,"actual"
"CM",2003,3.85126162018592,"actual"
"CM",2004,1.47744945567652,"actual"
"CM",2005,2.9559748427673,"actual"
"CM",2006,59.5706618962433,"actual"
"CM",2007,5.94458438287154,"actual"
"CM",2008,4.1553748870822,"actual"
"CM",2009,4.51713395638629,"actual"
"CM",2010,3.70942812982998,"actual"
"CM",2011,2.70870337477798,"actual"
"CM",2012,2.30927835051546,"actual"
"CM",2013,1.75371711780404,"actual"
"CM",2014,1.56794425087108,"actual"
"CM",2015,0.364963503649635,"actual"
"CM",2016,1.88350191838158,"actual"
"CM",2017,2.34806629834254,"proj"
"CM",2018,2.0375676536135,"proj"
"CM",2019,1.73274596182085,"proj"
"CM",2020,1.57053885729759,"proj"
"CM",2021,1.40562248995984,"proj"
"CM",2022,1.27996276471957,"proj"
"CN",2000,,"actual"
"CN",2001,,"actual"
"CN",2002,,"actual"
"CN",2003,,"actual"
"CN",2004,,"actual"
"CN",2005,0,"actual"
"CN",2006,0,"actual"
"CN",2007,0,"actual"
"CN",2008,0,"actual"
"CN",2009,0,"actual"
"CN",2010,0,"actual"
"CN",2011,0,"actual"
"CN",2012,0,"actual"
"CN",2013,0,"proj"
"CN",2014,0,"proj"
"CN",2015,0,"proj"
"CN",2016,0,"proj"
"CN",2017,0,"proj"
"CN",2018,0,"proj"
"CN",2019,0,"proj"
"CN",2020,0,"proj"
"CO",2000,0,"actual"
"CO",2001,0,"actual"
"CO",2002,0,"actual"
"CO",2003,0,"actual"
"CO",2004,0,"actual"
"CO",2005,0,"actual"
"CO",2006,0,"actual"
"CO",2007,0,"actual"
"CO",2008,0,"actual"
"CO",2009,0,"actual"
"CO",2010,0,"actual"
"CO",2011,0,"actual"
"CO",2012,0,"actual"
"CO",2013,0,"actual"
"CO",2014,0,"actual"
"CO",2015,0,"actual"
"CO",2016,0,"actual"
"CO",2017,0,"proj"
"CO",2018,0,"proj"
"CO",2019,0,"proj"
"CO",2020,0,"proj"
"CO",2021,0,"proj"
"CO",2022,0,"proj"
"CO",2023,0,"proj"
"CR",2000,,"actual"
"CR",2001,,"actual"
"CR",2002,,"actual"
"CR",2003,,"actual"
"CR",2004,,"actual"
"CR",2005,,"actual"
"CR",2006,,"actual"
"CR",2007,,"actual"
"CR",2008,0,"actual"
"CR",2009,0,"actual"
"CR",2010,0,"actual"
"CR",2011,0,"actual"
"CR",2012,0,"actual"
"CR",2013,0,"actual"
"CR",2014,0,"actual"
"CR",2015,0,"actual"
"CR",2016,0,"proj"
"CR",2017,0,"proj"
"CR",2018,0,"proj"
"CR",2019,0,"proj"
"CR",2020,0,"proj"
"CR",2021,0,"proj"
"CR",2022,0,"proj"
"CV",2000,,"actual"
"CV",2001,21.6931216931217,"actual"
"CV",2002,27.9475982532751,"actual"
"CV",2003,20,"actual"
"CV",2004,32.0143884892086,"actual"
"CV",2005,21.1239731142644,"actual"
"CV",2006,18.6503462715413,"actual"
"CV",2007,15.8601844472276,"actual"
"CV",2008,16.4085028198127,"actual"
"CV",2009,18.7465790914067,"actual"
"CV",2010,22.3858996226805,"actual"
"CV",2011,11.4516299187678,"actual"
"CV",2012,7.89728958630528,"actual"
"CV",2013,9.95169082125604,"actual"
"CV",2014,7.88937326614958,"actual"
"CV",2015,9.27409906743521,"actual"
"CV",2016,10.2185643676597,"actual"
"CV",2017,12.3315503586682,"actual"
"CV",2018,6.37543171847288,"proj"
"CV",2019,4.46222755299012,"proj"
"CV",2020,3.47992628193546,"proj"
"CV",2021,3.31280745811689,"proj"
"CV",2022,3.36874342042301,"proj"
"CV",2023,3.17689530685921,"proj"
"DJ",2000,21.327994223258,"actual"
"DJ",2001,17.6270243970251,"actual"
"DJ",2002,20.1214980450448,"actual"
"DJ",2003,17.7579939946268,"actual"
"DJ",2004,19.1977417212259,"actual"
"DJ",2005,16.660958170998,"actual"
"DJ",2006,11.053160738972,"actual"
"DJ",2007,14.0919210595827,"actual"
"DJ",2008,31.245981037337,"actual"
"DJ",2009,17.3277449857149,"actual"
"DJ",2010,15.0509666080844,"actual"
"DJ",2011,17.6404345521993,"actual"
"DJ",2012,24.8166554086654,"actual"
"DJ",2013,13.9222193855842,"proj"
"DJ",2014,15.1144548650475,"actual"
"DJ",2015,18.4903083469034,"actual"
"DJ",2016,13.7200248574353,"actual"
"DJ",2017,12.1229597008144,"proj"
"DJ",2018,10.0559024485926,"proj"
"DJ",2019,10.1514887689361,"proj"
"DJ",2020,10.2225229606761,"proj"
"DJ",2021,10.283520687577,"proj"
"DM",2000,8.52444829078321,"actual"
"DM",2001,24.3814987450699,"actual"
"DM",2002,0,"actual"
"DM",2003,13.8751683879659,"actual"
"DM",2004,22.1832221832222,"actual"
"DM",2005,15.2758620689655,"actual"
"DM",2006,18.6456400742115,"actual"
"DM",2007,18.7096774193548,"actual"
"DM",2008,25.4901960784314,"actual"
"DM",2009,25.121412803532,"actual"
"DM",2010,24.2096329301931,"actual"
"DM",2011,26.3119699765701,"actual"
"DM",2012,8.83583558946591,"actual"
"DM",2013,10.4548702071922,"actual"
"DM",2014,7.37789203084833,"actual"
"DM",2015,6.50389391707009,"actual"
"DM",2016,2.57169287696577,"proj"
"DM",2017,4.07500901550667,"proj"
"DM",2018,5.88566073102156,"proj"
"DM",2019,6.65798772549749,"proj"
"DM",2020,6.62431941923775,"proj"
"DM",2021,6.64292074799644,"proj"
"DM",2022,6.56303972366149,"proj"
"DO",2000,,"actual"
"DO",2001,,"actual"
"DO",2002,,"actual"
"DO",2003,,"actual"
"DO",2004,,"actual"
"DO",2005,,"actual"
"DO",2006,,"actual"
"DO",2007,1.125,"actual"
"DO",2008,1.16139367240689,"actual"
"DO",2009,1.52173913043478,"actual"
"DO",2010,0.769526741054252,"proj"
"DO",2011,1.32969655642687,"proj"
"DO",2012,1.51515151515152,"actual"
"DO",2013,0.832214765100671,"actual"
"DO",2014,0.504807692307692,"actual"
"DO",2015,17.9043364973013,"actual"
"DO",2016,0.205930807248764,"actual"
"DO",2017,0.204537002603198,"proj"
"DO",2018,0.204988042364195,"proj"
"DO",2019,0.204049599748862,"proj"
"DO",2020,0.216294160057678,"proj"
"DO",2021,0.212201591511936,"proj"
"DO",2022,0.207418252806247,"proj"
"DZ",2000,0,"actual"
"DZ",2001,1.0546954228923,"actual"
"DZ",2002,0,"actual"
"DZ",2003,0.148908857509628,"actual"
"DZ",2004,0.0180570603105814,"actual"
"DZ",2005,0,"actual"
"DZ",2006,0.00274740370350019,"actual"
"DZ",2007,0.00542328759694127,"actual"
"DZ",2008,0,"actual"
"DZ",2009,0,"actual"
"DZ",2010,0,"actual"
"DZ",2011,0,"actual"
"DZ",2012,0,"actual"
"DZ",2013,0,"actual"
"DZ",2014,0,"actual"
"DZ",2015,0,"actual"
"DZ",2016,0,"actual"
"DZ",2017,0,"actual"
"DZ",2018,0,"proj"
"DZ",2019,0,"proj"
"DZ",2020,0,"proj"
"DZ",2021,0,"proj"
"DZ",2022,0,"proj"
"DZ",2023,0,"proj"
"EC",2000,,"actual"
"EC",2001,,"actual"
"EC",2002,,"actual"
"EC",2003,,"actual"
"EC",2004,,"actual"
"EC",2005,,"actual"
"EC",2006,,"actual"
"EC",2007,,"actual"
"EC",2008,0,"actual"
"EC",2009,0,"actual"
"EC",2010,0,"actual"
"EC",2011,0,"actual"
"EC",2012,0,"actual"
"EC",2013,0,"actual"
"EC",2014,0,"actual"
"EC",2015,0,"proj"
"EC",2016,0,"proj"
"EC",2017,0,"proj"
"EC",2018,0,"proj"
"EC",2019,,"proj"
"EC",2020,,"proj"
"EG",2000,,"actual"
"EG",2001,,"actual"
"EG",2002,,"actual"
"EG",2003,,"actual"
"EG",2004,4.10297666934835,"actual"
"EG",2005,2.17065868263473,"actual"
"EG",2006,1.35977337110482,"actual"
"EG",2007,1.80505415162455,"actual"
"EG",2008,0.716845878136201,"actual"
"EG",2009,2.87769784172662,"actual"
"EG",2010,0.826446280991736,"actual"
"EG",2011,0.836820083682008,"actual"
"EG",2012,2.89481226712525,"actual"
"EG",2013,1.28808521179093,"actual"
"EG",2014,15.1071929473051,"actual"
"EG",2015,4.73625557206538,"actual"
"EG",2016,0.63752276867031,"actual"
"EG",2017,2.38544474393531,"actual"
"EG",2018,0.119487290897241,"proj"
"EG",2019,0.107971927298902,"proj"
"EG",2020,0.0952380952380952,"proj"
"EG",2021,0.0831370375502286,"proj"
"EG",2022,0.0795934610910427,"proj"
"ET",2000,15.3626804491178,"actual"
"ET",2001,20.5248359887535,"actual"
"ET",2002,18.8888023065534,"actual"
"ET",2003,28.998981151299,"actual"
"ET",2004,22.3295010603862,"actual"
"ET",2005,22.6595850292862,"actual"
"ET",2006,19.4672384643932,"actual"
"ET",2007,25.8091964194548,"actual"
"ET",2008,24.9634815896842,"actual"
"ET",2009,26.458096876945,"actual"
"ET",2010,18.6856487212778,"actual"
"ET",2011,19.2636546278559,"actual"
"ET",2012,11.0626929162452,"actual"
"ET",2013,9.55959531167998,"actual"
"ET",2014,7.53045964650362,"actual"
"ET",2015,6.52271930264015,"actual"
"ET",2016,5.31615064128748,"actual"
"ET",2017,4.63568777377755,"actual"
"ET",2018,5.43277619411392,"proj"
"ET",2019,4.66811555948067,"proj"
"ET",2020,3.86957595991936,"proj"
"ET",2021,3.21981966208527,"proj"
"ET",2022,2.64765368631497,"proj"
"FJ",2000,,"actual"
"FJ",2001,,"actual"
"FJ",2002,,"actual"
"FJ",2003,,"actual"
"FJ",2004,,"actual"
"FJ",2005,0,"actual"
"FJ",2006,0,"actual"
"FJ",2007,0.287976961843053,"actual"
"FJ",2008,0.892857142857143,"actual"
"FJ",2009,0.425230333097094,"actual"
"FJ",2010,0.585556278464541,"actual"
"FJ",2011,0.387596899224806,"actual"
"FJ",2012,0.674273858921162,"actual"
"FJ",2013,0.907354345749761,"actual"
"FJ",2014,0,"actual"
"FJ",2015,0,"proj"
"FJ",2016,0,"proj"
"FJ",2017,0,"proj"
"FJ",2018,0,"proj"
"FJ",2019,0,"proj"
"FJ",2020,0,"proj"
"FJ",2021,0,"proj"
"FJ",2022,0,"proj"
"FM",2000,64.694014794889,"actual"
"FM",2001,67.8014184397163,"actual"
"FM",2002,70.6616729088639,"actual"
"FM",2003,71.6382853787434,"actual"
"FM",2004,55.2729992520568,"actual"
"FM",2005,61.6911764705882,"actual"
"FM",2006,60.7449856733524,"actual"
"FM",2007,63.6613902271163,"actual"
"FM",2008,63.0173564753004,"actual"
"FM",2009,67.5971538040504,"actual"
"FM",2010,68.2975536694958,"actual"
"FM",2011,68.0597014925373,"actual"
"FM",2012,65.3345724907063,"actual"
"FM",2013,56.9897959183673,"actual"
"FM",2014,43.0582524271845,"actual"
"FM",2015,43.8191438191438,"actual"
"FM",2016,47.4404236540159,"actual"
"FM",2017,47.4217717055972,"proj"
"FM",2018,47.7016478751084,"proj"
"FM",2019,48,"proj"
"FM",2020,48.0388021931674,"proj"
"FM",2021,48.0383973288815,"proj"
"FM",2022,48.0380008261049,"proj"
"GA",2000,0,"actual"
"GA",2001,0,"actual"
"GA",2002,0.17432791999266,"actual"
"GA",2003,0.112781954887218,"actual"
"GA",2004,0.183904019616429,"actual"
"GA",2005,0.139460288682798,"actual"
"GA",2006,0,"actual"
"GA",2007,0.0122219506233195,"actual"
"GA",2008,0,"actual"
"GA",2009,0.0593119810201661,"actual"
"GA",2010,0,"actual"
"GA",2011,0,"actual"
"GA",2012,0,"actual"
"GA",2013,0,"actual"
"GA",2014,0,"actual"
"GA",2015,0,"actual"
"GA",2016,0,"actual"
"GA",2017,0,"proj"
"GA",2018,0,"proj"
"GA",2019,0,"proj"
"GA",2020,0,"proj"
"GA",2021,,"proj"
"GA",2022,,"proj"
"GD",2000,9.86085904416213,"actual"
"GD",2001,13.6721113127647,"actual"
"GD",2002,7.37370567932225,"actual"
"GD",2003,20.058069199129,"actual"
"GD",2004,22.5748656257998,"actual"
"GD",2005,30.1725809579213,"actual"
"GD",2006,25.8304025009769,"actual"
"GD",2007,3.88066397487663,"actual"
"GD",2008,13.7796735905045,"actual"
"GD",2009,14.4214527027027,"actual"
"GD",2010,16.3675380413578,"actual"
"GD",2011,14.2051178722547,"actual"
"GD",2012,5.27604630454141,"actual"
"GD",2013,6.59224936815501,"actual"
"GD",2014,16.672196416722,"actual"
"GD",2015,13.2462403159654,"actual"
"GD",2016,13.3049494411921,"actual"
"GD",2017,15.7948717948718,"proj"
"GD",2018,14.3495531281033,"proj"
"GD",2019,13.5212957408518,"proj"
"GD",2020,12.6820809248555,"proj"
"GD",2021,11.3745666032882,"proj"
"GD",2022,10.2062857760017,"proj"
"GE",2000,1.77378736450235,"actual"
"GE",2001,4.24214417744917,"actual"
"GE",2002,1.74924673585537,"actual"
"GE",2003,1.9926623983886,"actual"
"GE",2004,5.72510272865783,"actual"
"GE",2005,3.82916053019146,"actual"
"GE",2006,4.56769983686786,"actual"
"GE",2007,2.05148833467418,"actual"
"GE",2008,10.5398018448924,"actual"
"GE",2009,7.38841405508072,"actual"
"GE",2010,8.06341629730651,"actual"
"GE",2011,3.20232896652111,"actual"
"GE",2012,3.66096299243932,"actual"
"GE",2013,2.81613864067154,"actual"
"GE",2014,2.07967927837635,"actual"
"GE",2015,3.5750308192312,"actual"
"GE",2016,2.93047906058402,"actual"
"GE",2017,3.42007434944238,"actual"
"GE",2018,3.57423066864266,"proj"
"GE",2019,2.66634249128779,"proj"
"GE",2020,2.48658453631623,"proj"
"GE",2021,2.31266694784198,"proj"
"GE",2022,2.04670690107583,"proj"
"GH",2000,,"actual"
"GH",2001,,"actual"
"GH",2002,,"actual"
"GH",2003,,"actual"
"GH",2004,,"actual"
"GH",2005,,"actual"
"GH",2006,,"actual"
"GH",2007,,"actual"
"GH",2008,,"actual"
"GH",2009,,"actual"
"GH",2010,,"actual"
"GH",2011,10.5750742877119,"actual"
"GH",2012,8.32496052820439,"actual"
"GH",2013,2.80230326295585,"actual"
"GH",2014,3.89958800421577,"actual"
"GH",2015,10.0242311276794,"actual"
"GH",2016,3.95288411571107,"actual"
"GH",2017,4.28986641328042,"actual"
"GH",2018,1.36948209940911,"proj"
"GH",2019,1.32728461340359,"proj"
"GH",2020,0.319780721790772,"proj"
"GM",2000,10.9032315817742,"actual"
"GM",2001,12.0724882295461,"actual"
"GM",2002,21.3855815779144,"actual"
"GM",2003,13.524500109866,"actual"
"GM",2004,17.850500832001,"actual"
"GM",2005,7.79556563009138,"actual"
"GM",2006,5.61797752808989,"actual"
"GM",2007,5.29765155652649,"actual"
"GM",2008,6.54205607476635,"actual"
"GM",2009,20.7985333061723,"actual"
"GM",2010,21.185597772031,"actual"
"GM",2011,24.1146111407724,"actual"
"GM",2012,35.2980938218197,"actual"
"GM",2013,12.0994659546061,"actual"
"GM",2014,16.6450777202073,"actual"
"GM",2015,8.67788461538461,"actual"
"GM",2016,8.36286321757619,"actual"
"GM",2017,40.6555405202225,"actual"
"GM",2018,42.0926899187769,"proj"
"GM",2019,42.8311884935655,"proj"
"GM",2020,40.9696521095485,"proj"
"GM",2021,37.5892354951759,"proj"
"GM",2022,35.8781347807139,"proj"
"GM",2023,33.5897244417893,"proj"
"GN",2000,17.4076132258961,"actual"
"GN",2001,23.2275798877563,"actual"
"GN",2002,12.884834663626,"actual"
"GN",2003,20.8438287153652,"actual"
"GN",2004,8.89710892631169,"actual"
"GN",2005,4.65401102265769,"actual"
"GN",2006,9.38673341677096,"actual"
"GN",2007,5.45801526717557,"actual"
"GN",2008,3.0727923627685,"actual"
"GN",2009,2.21130221130221,"actual"
"GN",2010,2.41897604509159,"actual"
"GN",2011,17.025641025641,"actual"
"GN",2012,11.8394870661066,"actual"
"GN",2013,7.47893258426966,"actual"
"GN",2014,27.3389121338912,"actual"
"GN",2015,7.80592881321161,"actual"
"GN",2016,7.57747850073016,"actual"
"GN",2017,10.0404406637847,"actual"
"GN",2018,8.01499464476973,"proj"
"GN",2019,7.55599310854049,"proj"
"GN",2020,7.20794680239718,"proj"
"GN",2021,6.83437856328392,"proj"
"GN",2022,6.22685545355531,"proj"
"GN",2023,5.95612141744761,"proj"
"GQ",2000,,"actual"
"GQ",2001,,"actual"
"GQ",2002,,"actual"
"GQ",2003,,"actual"
"GQ",2004,,"actual"
"GQ",2005,,"actual"
"GQ",2006,0,"actual"
"GQ",2007,0,"actual"
"GQ",2008,0,"actual"
"GQ",2009,0,"actual"
"GQ",2010,0,"actual"
"GQ",2011,0,"actual"
"GQ",2012,0,"actual"
"GQ",2013,0,"actual"
"GQ",2014,0,"actual"
"GQ",2015,0,"actual"
"GQ",2016,0,"proj"
"GQ",2017,0,"proj"
"GQ",2018,,"proj"
"GQ",2019,,"proj"
"GQ",2020,,"proj"
"GT",2000,0,"actual"
"GT",2001,0,"actual"
"GT",2002,0,"actual"
"GT",2003,0,"actual"
"GT",2004,0,"actual"
"GT",2005,0,"actual"
"GT",2006,0,"actual"
"GT",2007,0,"actual"
"GT",2008,0,"actual"
"GT",2009,0,"actual"
"GT",2010,0,"actual"
"GT",2011,0,"actual"
"GT",2012,0,"actual"
"GT",2013,0,"actual"
"GT",2014,0,"actual"
"GT",2015,0,"actual"
"GT",2016,0,"actual"
"GT",2017,0,"actual"
"GT",2018,0,"proj"
"GT",2019,0,"proj"
"GT",2020,0,"proj"
"GT",2021,0,"proj"
"GT",2022,0,"proj"
"GT",2023,0,"proj"
"GW",2000,,"actual"
"GW",2001,46.3894967177243,"actual"
"GW",2002,28.6184210526316,"actual"
"GW",2003,40.7407407407407,"actual"
"GW",2004,50,"actual"
"GW",2005,42.1161825726141,"actual"
"GW",2006,37.7470355731225,"actual"
"GW",2007,50.4655493482309,"actual"
"GW",2008,61.2975391498881,"actual"
"GW",2009,63.6923076923077,"actual"
"GW",2010,47.2813238770686,"actual"
"GW",2011,39.5402298850575,"actual"
"GW",2012,20.9621993127148,"actual"
"GW",2013,30.2207130730051,"actual"
"GW",2014,43.0060816681147,"actual"
"GW",2015,32.1056845476381,"actual"
"GW",2016,24.7321428571429,"actual"
"GW",2017,29.937194696441,"proj"
"GW",2018,25.0320924261874,"proj"
"GW",2019,24.5810055865922,"proj"
"GW",2020,24.2786069651741,"proj"
"GW",2021,23.9587998208688,"proj"
"GW",2022,23.616680032077,"proj"
"GW",2023,23.1951393852752,"proj"
"GY",2000,,"actual"
"GY",2001,,"actual"
"GY",2002,,"actual"
"GY",2003,,"actual"
"GY",2004,,"actual"
"GY",2005,,"actual"
"GY",2006,20.4778156996587,"actual"
"GY",2007,11.5942028985507,"actual"
"GY",2008,16.2162162162162,"actual"
"GY",2009,14.6486028789162,"actual"
"GY",2010,9.59470636889992,"actual"
"GY",2011,10.0446428571429,"actual"
"GY",2012,8.98203592814371,"actual"
"GY",2013,4.68956406869221,"actual"
"GY",2014,2.80373831775701,"actual"
"GY",2015,3.45205479452055,"actual"
"GY",2016,3.92749244712991,"actual"
"GY",2017,7.16827656329436,"proj"
"GY",2018,7.64925373134328,"proj"
"GY",2019,7.20524017467249,"proj"
"GY",2020,3.34821428571429,"proj"
"GY",2021,1.12359550561798,"proj"
"GY",2022,1.06577344701583,"proj"
"HN",2000,5.31914893617021,"actual"
"HN",2001,9,"actual"
"HN",2002,5.67010309278351,"actual"
"HN",2003,4.54545454545455,"actual"
"HN",2004,4.85436893203883,"actual"
"HN",2005,6.28586050533986,"actual"
"HN",2006,8.19672131147541,"actual"
"HN",2007,6.45161290322581,"actual"
"HN",2008,10.4362473918953,"actual"
"HN",2009,10.6792605356649,"actual"
"HN",2010,8.07620707410782,"actual"
"HN",2011,5.38542029996512,"actual"
"HN",2012,5.95238095238095,"actual"
"HN",2013,4.67836257309941,"actual"
"HN",2014,2.50751789141601,"actual"
"HN",2015,2.87740046100061,"actual"
"HN",2016,2.34906037584966,"actual"
"HN",2017,2.06859859240454,"proj"
"HN",2018,1.97775620932712,"proj"
"HN",2019,2.11792571043877,"proj"
"HN",2020,2.10147388439856,"proj"
"HN",2021,2.09892093882521,"proj"
"HN",2022,2.08855212849288,"proj"
"HT",2000,,"actual"
"HT",2001,,"actual"
"HT",2002,,"actual"
"HT",2003,,"actual"
"HT",2004,12.9185599440755,"actual"
"HT",2005,26.3000408033731,"actual"
"HT",2006,24.2817877179111,"actual"
"HT",2007,33.1768162700928,"actual"
"HT",2008,29.1620494960688,"actual"
"HT",2009,37.3766163002703,"actual"
"HT",2010,50.7614929021341,"actual"
"HT",2011,41.355548854041,"actual"
"HT",2012,45.3324649951156,"actual"
"HT",2013,38.7323015266169,"actual"
"HT",2014,33.915461023537,"actual"
"HT",2015,28.2410455221515,"actual"
"HT",2016,18.2014825616721,"proj"
"HT",2017,32.8573835770728,"proj"
"HT",2018,27.726451350182,"proj"
"HT",2019,25.0634467756427,"proj"
"HT",2020,23.4715668503746,"proj"
"HT",2021,21.3956225312483,"proj"
"ID",2000,,"actual"
"ID",2001,,"actual"
"ID",2002,,"actual"
"ID",2003,,"actual"
"ID",2004,,"actual"
"ID",2005,,"actual"
"ID",2006,,"actual"
"ID",2007,0.262123197903014,"actual"
"ID",2008,0.190114068441065,"actual"
"ID",2009,0.215982721382289,"actual"
"ID",2010,0.273473108477666,"actual"
"ID",2011,0.375375375375375,"actual"
"ID",2012,0.403496973772697,"actual"
"ID",2013,0.435052827843381,"actual"
"ID",2014,0.28735632183908,"actual"
"ID",2015,0.699708454810496,"actual"
"ID",2016,0.506471581316826,"actual"
"ID",2017,0.0531632110579479,"proj"
"ID",2018,0.048030739673391,"proj"
"ID",2019,,"proj"
"ID",2020,,"proj"
"IN",1999,0,"actual"
"IN",2000,0,"actual"
"IN",2001,0.450788880540947,"actual"
"IN",2002,0.422409959982214,"actual"
"IN",2003,0.425449622896925,"actual"
"IN",2004,0.424351232250694,"actual"
"IN",2005,0.426075841499787,"actual"
"IN",2006,0.28965596198981,"actual"
"IN",2007,0.248345126683406,"actual"
"IN",2008,0.251451025631782,"actual"
"IN",2009,0.259478398836479,"actual"
"IN",2010,0,"actual"
"IN",2011,0,"actual"
"IN",2012,0,"actual"
"IN",2013,0,"actual"
"IN",2014,0,"actual"
"IN",2015,0,"actual"
"IN",2016,0,"actual"
"IN",2017,0,"actual"
"IN",2018,0,"proj"
"IN",2019,0,"proj"
"IQ",2000,,"actual"
"IQ",2001,,"actual"
"IQ",2002,,"actual"
"IQ",2003,,"actual"
"IQ",2004,11.4423851732474,"actual"
"IQ",2005,25.9758636721988,"actual"
"IQ",2006,15.5363600527876,"actual"
"IQ",2007,6.31229235880399,"actual"
"IQ",2008,3.41880341880342,"actual"
"IQ",2009,4.20475319926874,"actual"
"IQ",2010,6.38586956521739,"actual"
"IQ",2011,2.00956937799043,"actual"
"IQ",2012,0,"actual"
"IQ",2013,0.0865800865800866,"actual"
"IQ",2014,0,"actual"
"IQ",2015,0,"actual"
"IQ",2016,0,"actual"
"IQ",2017,0.121951219512195,"proj"
"IQ",2018,0,"proj"
"IQ",2019,0,"proj"
"IQ",2020,0,"proj"
"IQ",2021,0,"proj"
"IQ",2022,0,"proj"
"IR",2000,,"actual"
"IR",2001,,"actual"
"IR",2002,,"actual"
"IR",2003,,"actual"
"IR",2004,,"actual"
"IR",2005,,"actual"
"IR",2006,,"actual"
"IR",2007,0,"actual"
"IR",2008,0,"actual"
"IR",2009,0,"actual"
"IR",2010,0,"actual"
"IR",2011,0,"actual"
"IR",2012,0,"actual"
"IR",2013,0,"actual"
"IR",2014,0,"actual"
"IR",2015,0,"actual"
"IR",2016,0,"actual"
"IR",2017,0,"proj"
"IR",2018,0,"proj"
"IR",2019,0,"proj"
"IR",2020,0,"proj"
"IR",2021,0,"proj"
"IR",2022,0,"proj"
"JM",1999,1.03460104234672,"actual"
"JM",2000,1.71944447194148,"actual"
"JM",2001,1.94931773879142,"actual"
"JM",2002,0.767918088737201,"actual"
"JM",2003,0.343878954607978,"actual"
"JM",2004,2.44755244755245,"actual"
"JM",2005,0.374933047670059,"actual"
"JM",2006,0.709891150023663,"actual"
"JM",2007,1.78571428571429,"actual"
"JM",2008,2.75063336952588,"actual"
"JM",2009,2.09860093271153,"actual"
"JM",2010,3.21880225586378,"actual"
"JM",2011,1.06959666065038,"actual"
"JM",2012,1.14312904011977,"actual"
"JM",2013,2.62707125260087,"actual"
"JM",2014,1.21879834935162,"actual"
"JM",2015,1.19845996906775,"actual"
"JM",2016,1.05885412499,"proj"
"JM",2017,0.817664746585516,"proj"
"JM",2018,1.53425093699562,"proj"
"JM",2019,1.5029670505819,"proj"
"JM",2020,1.51738306745237,"proj"
"JM",2021,1.52411359435389,"proj"
"JM",2022,1.53334383119439,"proj"
"JO",2000,13.9289678135405,"actual"
"JO",2001,14.1744548286604,"actual"
"JO",2002,17.0646766169154,"actual"
"JO",2003,33.6917562724014,"actual"
"JO",2004,29.8109385550304,"actual"
"JO",2005,15.1127566475934,"actual"
"JO",2006,9.64099594672843,"actual"
"JO",2007,8.75,"actual"
"JO",2008,15.3091684434968,"actual"
"JO",2009,7.43967828418231,"actual"
"JO",2010,8.61921097770154,"actual"
"JO",2011,22.4418175101588,"actual"
"JO",2012,6.47012267510882,"actual"
"JO",2013,11.1149704758597,"actual"
"JO",2014,17.4471086036671,"actual"
"JO",2015,13.3092984828001,"actual"
"JO",2016,11.9349778981891,"actual"
"JO",2017,10.432283858071,"proj"
"JO",2018,13.2527345998849,"proj"
"JO",2019,9.75082489475481,"proj"
"JO",2020,9.73613354873452,"proj"
"JO",2021,9.71120601993085,"proj"
"JO",2022,9.70350404312669,"proj"
"KE",2000,,"actual"
"KE",2001,,"actual"
"KE",2002,,"actual"
"KE",2003,,"actual"
"KE",2004,,"actual"
"KE",2005,4.89005579258287,"actual"
"KE",2006,6.06517803258902,"actual"
"KE",2007,3.98867730313947,"actual"
"KE",2008,5.65378738266754,"actual"
"KE",2009,3.95591419012006,"actual"
"KE",2010,3.63860080857796,"actual"
"KE",2011,2.73852876911872,"actual"
"KE",2012,2.00392927308448,"actual"
"KE",2013,2.40727942870306,"actual"
"KE",2014,2.69622528460156,"actual"
"KE",2015,2.41665196683718,"actual"
"KE",2016,2.33548997948556,"actual"
"KE",2017,2.57282176312075,"proj"
"KE",2018,2.95467584624211,"proj"
"KE",2019,2.90178571428571,"proj"
"KE",2020,2.77676950998185,"proj"
"KG",2000,,"actual"
"KG",2001,,"actual"
"KG",2002,,"actual"
"KG",2003,,"actual"
"KG",2004,3.40136054421769,"actual"
"KG",2005,4.13790335527372,"actual"
"KG",2006,2.95379702624489,"actual"
"KG",2007,7.50629605447253,"actual"
"KG",2008,6.26756304912318,"actual"
"KG",2009,15.8444008101548,"actual"
"KG",2010,9.17791119300957,"actual"
"KG",2011,9.4708866876057,"actual"
"KG",2012,7.51150010952485,"actual"
"KG",2013,7.05193149879077,"proj"
"KG",2014,9.27538688647328,"actual"
"KG",2015,6.04048730858529,"actual"
"KG",2016,6.35538017106282,"actual"
"KG",2017,12.5098239129973,"proj"
"KG",2018,10.1980904451452,"proj"
"KG",2019,,"proj"
"KG",2020,,"proj"
"KH",2006,18.1579575280363,"actual"
"KH",2007,15.5001014404545,"actual"
"KH",2008,20.4542145872762,"actual"
"KH",2009,26.8693991479359,"actual"
"KH",2010,28.9791848435747,"actual"
"KH",2011,20.6803056445649,"actual"
"KH",2012,16.3937845447909,"actual"
"KH",2013,21.1151174039223,"actual"
"KH",2014,14.9085479656588,"actual"
"KH",2015,12.0609914727562,"actual"
"KH",2016,10.0215849522047,"proj"
"KH",2017,7.89010614747119,"proj"
"KH",2018,7.46796514607893,"proj"
"KH",2019,7.01810828201121,"proj"
"KH",2020,6.27507163323782,"proj"
"KH",2021,5.68759037484706,"proj"
"KH",2022,5.3785393935337,"proj"
"KI",2000,,"actual"
"KI",2001,,"actual"
"KI",2002,,"actual"
"KI",2003,,"actual"
"KI",2004,67.1938775510204,"actual"
"KI",2005,58.1460674157303,"actual"
"KI",2006,57.7167019027484,"actual"
"KI",2007,39.0485629335976,"actual"
"KI",2008,39.5327942497754,"actual"
"KI",2009,39.6880415944541,"actual"
"KI",2010,34.1176470588235,"actual"
"KI",2011,40.3272377285852,"actual"
"KI",2012,40.2486910994764,"actual"
"KI",2013,30.5382436260623,"actual"
"KI",2014,34.0847260007773,"actual"
"KI",2015,29.133409350057,"actual"
"KI",2016,28.0942334739803,"actual"
"KI",2017,41.8223627479161,"proj"
"KI",2018,45.0746268656716,"proj"
"KI",2019,44.0863394441159,"proj"
"KI",2020,44.3967981703831,"proj"
"KI",2021,44.5646145313367,"proj"
"KI",2022,44.7008317681782,"proj"
"KM",2000,29.1784520442273,"actual"
"KM",2001,23.9791329375787,"actual"
"KM",2002,20.0824390062758,"actual"
"KM",2003,12.3498940428538,"actual"
"KM",2004,15.0904138609367,"actual"
"KM",2005,21.4264643220033,"actual"
"KM",2006,27.0138489147733,"actual"
"KM",2007,37.6638680218,"actual"
"KM",2008,44.4088693491351,"actual"
"KM",2009,41.0353760943363,"actual"
"KM",2010,50.9504153289507,"actual"
"KM",2011,31.6538000667885,"actual"
"KM",2012,33.0872320426912,"actual"
"KM",2013,65.3146721773436,"actual"
"KM",2014,39.20264681555,"actual"
"KM",2015,47.7848331354063,"actual"
"KM",2016,38.0366848890212,"actual"
"KM",2017,41.0418984056359,"proj"
"KM",2018,37.4846117424242,"proj"
"KM",2019,33.5696601395454,"proj"
"KM",2020,33.2568645443637,"proj"
"KM",2021,32.9211610011372,"proj"
"KM",2022,32.5661977658254,"proj"
"KM",2023,32.1906807538991,"proj"
"KN",2000,,"actual"
"KN",2001,1.7306245297216,"actual"
"KN",2002,8.64650168041552,"actual"
"KN",2003,1.86316432498473,"actual"
"KN",2004,1.10930735930736,"actual"
"KN",2005,6.90098585512216,"actual"
"KN",2006,6.93963860053825,"actual"
"KN",2007,5.26431475986372,"actual"
"KN",2008,4.9397800663292,"actual"
"KN",2009,11.1220958971824,"actual"
"KN",2010,9.27070457354759,"actual"
"KN",2011,9.5098858256753,"actual"
"KN",2012,9.53644233454342,"actual"
"KN",2013,15.4289305541008,"actual"
"KN",2014,7.38817044731821,"actual"
"KN",2015,3.34459091404292,"proj"
"KN",2016,7.99615800216112,"proj"
"KN",2017,8.69454684123554,"proj"
"KN",2018,5.84707646176912,"proj"
"KZ",2000,,"actual"
"KZ",2001,,"actual"
"KZ",2002,0,"actual"
"KZ",2003,0,"actual"
"KZ",2004,0,"actual"
"KZ",2005,0,"actual"
"KZ",2006,0,"actual"
"KZ",2007,0,"actual"
"KZ",2008,0,"actual"
"KZ",2009,0,"actual"
"KZ",2010,0,"actual"
"KZ",2011,0,"actual"
"KZ",2012,0,"actual"
"KZ",2013,,"actual"
"KZ",2014,,"actual"
"KZ",2015,,"proj"
"KZ",2016,,"proj"
"KZ",2017,,"proj"
"KZ",2018,,"proj"
"KZ",2019,,"proj"
"KZ",2020,,"proj"
"KZ",2021,,"proj"
"KZ",2022,,"proj"
"LA",2000,21.9298245614035,"actual"
"LA",2001,19.2167945094873,"actual"
"LA",2002,13.3805441669773,"actual"
"LA",2003,16.1901358112938,"actual"
"LA",2004,9.11726804123711,"actual"
"LA",2005,12.8409675759135,"actual"
"LA",2006,14.0266021765417,"actual"
"LA",2007,10.9861450692747,"actual"
"LA",2008,9.74071478626489,"actual"
"LA",2009,13.1884415905162,"actual"
"LA",2010,12.6993865030675,"actual"
"LA",2011,26.7007414872939,"actual"
"LA",2012,26.7189527066871,"actual"
"LA",2013,23.7075255367938,"actual"
"LA",2014,21.2541926718465,"actual"
"LA",2015,12.3076923076923,"actual"
"LA",2016,8.53099072718399,"actual"
"LA",2017,10.6033376123235,"actual"
"LA",2018,10.6234317699286,"proj"
"LA",2019,10.3218986564823,"proj"
"LA",2020,10.2819032327786,"proj"
"LA",2021,10.4722968723197,"proj"
"LA",2022,10.6587301587302,"proj"
"LB",2000,2.06654267410622,"actual"
"LB",2001,0.774360077436008,"actual"
"LB",2002,0.0341938792956061,"actual"
"LB",2003,0,"actual"
"LB",2004,0,"actual"
"LB",2005,0,"actual"
"LB",2006,11.7369785529107,"actual"
"LB",2007,5.69352564797744,"actual"
"LB",2008,3.60301647891258,"actual"
"LB",2009,1.38259646930167,"actual"
"LB",2010,0.42389512520606,"actual"
"LB",2011,0,"actual"
"LB",2012,0,"actual"
"LB",2013,0,"actual"
"LB",2014,0,"actual"
"LB",2015,0,"actual"
"LB",2016,0,"proj"
"LB",2017,0,"proj"
"LB",2018,,"proj"
"LB",2019,,"proj"
"LB",2020,,"proj"
"LB",2021,,"proj"
"LC",2000,,"actual"
"LC",2001,,"actual"
"LC",2002,,"actual"
"LC",2003,6.11183355006502,"actual"
"LC",2004,0,"actual"
"LC",2005,0.974025974025974,"actual"
"LC",2006,0.974025974025974,"actual"
"LC",2007,0.551965535810447,"actual"
"LC",2008,2.51071647274954,"actual"
"LC",2009,6.51340996168582,"actual"
"LC",2010,13.1871763798612,"actual"
"LC",2011,7.52912728072104,"proj"
"LC",2012,2.8042328042328,"proj"
"LC",2013,2.72009359461831,"proj"
"LC",2014,5.53384077350339,"actual"
"LC",2015,5.66711720409345,"actual"
"LC",2016,5.33886583679115,"actual"
"LC",2017,7.50407830342577,"proj"
"LC",2018,5.7962577962578,"proj"
"LK",2000,2.37724498329691,"actual"
"LK",2001,2.29361624047107,"actual"
"LK",2002,2.63193117345687,"actual"
"LK",2003,2.7967603138446,"actual"
"LK",2004,2.56410256410256,"actual"
"LK",2005,7.72413427369774,"actual"
"LK",2006,5.78034682080925,"actual"
"LK",2007,5.38922155688623,"actual"
"LK",2008,4.48717948717949,"actual"
"LK",2009,3.35570469798658,"actual"
"LK",2010,2.02702702702703,"actual"
"LK",2011,1.37931034482759,"actual"
"LK",2012,1.51515151515152,"actual"
"LK",2013,1.5625,"actual"
"LK",2014,0.747508305647841,"actual"
"LK",2015,0.410677618069815,"actual"
"LK",2016,0.41371158392435,"actual"
"LK",2017,0.431499460625674,"proj"
"LK",2018,0.465766185374942,"proj"
"LK",2019,0.435988902100674,"proj"
"LK",2020,0.419874037788663,"proj"
"LK",2021,0.409448818897638,"proj"
"LK",2022,0.425652667423382,"proj"
"LR",2000,7.3943661971831,"actual"
"LR",2001,6.62824207492795,"actual"
"LR",2002,0,"actual"
"LR",2003,0,"actual"
"LR",2004,5.0761421319797,"actual"
"LR",2005,1.24378109452736,"actual"
"LR",2006,1.16822429906542,"actual"
"LR",2007,1.01010101010101,"actual"
"LR",2008,2.94970986460348,"actual"
"LR",2009,10.046828437633,"actual"
"LR",2010,4.51232211037834,"actual"
"LR",2011,10.7466666666667,"actual"
"LR",2012,6.16557734204793,"actual"
"LR",2013,8.28828828828829,"actual"
"LR",2014,14.1818181818182,"actual"
"LR",2015,30.8049535603715,"actual"
"LR",2016,57.9925650557621,"actual"
"LR",2017,53.8767395626243,"actual"
"LR",2018,54,"proj"
"LR",2019,52,"proj"
"LR",2020,48.6699507389163,"proj"
"LR",2021,45.1830443159923,"proj"
"LR",2022,42.5806451612903,"proj"
"LR",2023,39.6643109540636,"proj"
"LS",2000,,"actual"
"LS",2001,,"actual"
"LS",2002,,"actual"
"LS",2003,,"actual"
"LS",2004,,"actual"
"LS",2005,,"actual"
"LS",2006,,"actual"
"LS",2007,,"actual"
"LS",2008,,"actual"
"LS",2009,,"actual"
"LS",2010,14.0203294777427,"actual"
"LS",2011,14.94384359401,"actual"
"LS",2012,12.9515552513499,"actual"
"LS",2013,7.88700564971751,"actual"
"LS",2014,3.40145384720889,"actual"
"LS",2015,6.31984837592314,"actual"
"LS",2016,6.16950117412652,"actual"
"LS",2017,5.28913492963383,"proj"
"LS",2018,5.43180930050801,"proj"
"LS",2019,5.40174726221238,"proj"
"LS",2020,4.69593562188041,"proj"
"LS",2021,4.58724291536347,"proj"
"LS",2022,4.46181546704141,"proj"
"LY",2000,,"actual"
"LY",2001,0,"actual"
"LY",2002,0,"actual"
"LY",2003,0,"actual"
"LY",2004,0,"actual"
"LY",2005,0,"actual"
"LY",2006,0,"actual"
"LY",2007,0,"actual"
"LY",2008,0,"actual"
"LY",2009,0,"actual"
"LY",2010,0,"actual"
"LY",2011,0.337252330319921,"actual"
"LY",2012,0,"actual"
"LY",2013,,"proj"
"LY",2014,,"proj"
"LY",2015,,"proj"
"LY",2016,,"proj"
"LY",2017,,"proj"
"LY",2018,,"proj"
"LY",2019,,"proj"
"LY",2020,,"proj"
"MA",2000,,"actual"
"MA",2001,0,"actual"
"MA",2002,0,"actual"
"MA",2003,0,"actual"
"MA",2004,0,"actual"
"MA",2005,0,"actual"
"MA",2006,0,"actual"
"MA",2007,0,"actual"
"MA",2008,0,"actual"
"MA",2009,0,"actual"
"MA",2010,0.903041825095057,"actual"
"MA",2011,0.581915846016115,"actual"
"MA",2012,0.210172341319882,"actual"
"MA",2013,2.44,"actual"
"MA",2014,5.32407407407407,"actual"
"MA",2015,1.906941266209,"actual"
"MA",2016,3.6589966050547,"actual"
"MA",2017,3.66379310344828,"proj"
"MA",2018,2.74762550881954,"proj"
"MA",2019,1.24264224983649,"proj"
"MA",2020,0.369685767097967,"proj"
"MA",2021,0.345622119815668,"proj"
"MA",2022,0.323275862068966,"proj"
"MD",2000,,"actual"
"MD",2001,,"actual"
"MD",2002,,"actual"
"MD",2003,,"actual"
"MD",2004,1.1037527593819,"actual"
"MD",2005,3.16804407713499,"actual"
"MD",2006,1.76510142328813,"actual"
"MD",2007,4.35114161395954,"actual"
"MD",2008,4.18919978054706,"actual"
"MD",2009,5.47642331731791,"actual"
"MD",2010,7.26295529651015,"actual"
"MD",2011,5.65399163846307,"actual"
"MD",2012,4.7254913674652,"actual"
"MD",2013,5.61666847295979,"actual"
"MD",2014,9.21681780708986,"actual"
"MD",2015,4.36465227048936,"actual"
"MD",2016,2.98822556423706,"actual"
"MD",2017,2.29302255183896,"actual"
"MD",2018,4.88955946595554,"proj"
"MD",2019,1.41654099666198,"proj"
"MD",2020,1.17347417106785,"proj"
"MD",2021,1.17658875353335,"proj"
"MD",2022,1.17812763268745,"proj"
"ME",2000,,"actual"
"ME",2001,,"actual"
"ME",2002,,"actual"
"ME",2003,,"actual"
"ME",2004,1.06100795755968,"actual"
"ME",2005,0.531914893617021,"actual"
"ME",2006,0.483091787439614,"actual"
"ME",2007,0.220264317180617,"actual"
"ME",2008,0.205761316872428,"actual"
"ME",2009,0.916126994155742,"actual"
"ME",2010,2.06896551724138,"actual"
"ME",2011,1.27287191726333,"actual"
"ME",2012,1.26083530338849,"actual"
"ME",2013,0.718907260963336,"actual"
"ME",2014,0.598404255319149,"actual"
"ME",2015,0.813008130081301,"actual"
"ME",2016,1.97409006785935,"actual"
"ME",2017,1.07849011384062,"proj"
"ME",2018,0.898995240613432,"proj"
"ME",2019,0.605449041372351,"proj"
"ME",2020,0.535019455252918,"proj"
"ME",2021,0.556586270871985,"proj"
"ME",2022,0.531443755535872,"proj"
"MG",2000,23.5894881056171,"actual"
"MG",2001,27.7174561508173,"actual"
"MG",2002,21.2905339010809,"actual"
"MG",2003,33.1196172248804,"actual"
"MG",2004,40.5890891496311,"actual"
"MG",2005,34.4468881887892,"actual"
"MG",2006,81.0412278061992,"actual"
"MG",2007,26.9513857337574,"actual"
"MG",2008,19.0025646357524,"actual"
"MG",2009,12.0881994073558,"actual"
"MG",2010,12.5198657955147,"actual"
"MG",2011,14.1891154978733,"actual"
"MG",2012,11.148791860958,"actual"
"MG",2013,11.6424931399451,"actual"
"MG",2014,18.5081148564295,"actual"
"MG",2015,11.864406779661,"actual"
"MG",2016,23.8095238095238,"actual"
"MG",2017,19.8630136986301,"proj"
"MG",2018,21.656050955414,"proj"
"MG",2019,18.3006535947712,"proj"
"MG",2020,9.72222222222222,"proj"
"MG",2021,9.52380952380952,"proj"
"MG",2022,9.27152317880795,"proj"
"MG",2023,9.15032679738562,"proj"
"MH",2000,,"actual"
"MH",2001,,"actual"
"MH",2002,,"actual"
"MH",2003,,"actual"
"MH",2004,56.0526315789474,"actual"
"MH",2005,58.5964912280702,"actual"
"MH",2006,61.7740232312566,"actual"
"MH",2007,64.3848288621647,"actual"
"MH",2008,63.4328358208955,"actual"
"MH",2009,68.5450819672131,"actual"
"MH",2010,67.5247524752475,"actual"
"MH",2011,65.5,"actual"
"MH",2012,63.0620985010707,"actual"
"MH",2013,60.6573705179283,"actual"
"MH",2014,55.1440329218107,"actual"
"MH",2015,54.3680297397769,"actual"
"MH",2016,48.4798685291701,"actual"
"MH",2017,43.3887043189369,"actual"
"MH",2018,51.3642564802183,"proj"
"MH",2019,52.3056653491436,"proj"
"MH",2020,53.1548757170172,"proj"
"MH",2021,53.5692116697703,"proj"
"MK",2000,3.7868425052319,"actual"
"MK",2001,0.631820069726757,"actual"
"MK",2002,0.0410778836674335,"actual"
"MK",2003,3.50108275569094,"actual"
"MK",2004,1.75438596491228,"actual"
"MK",2005,1.48662041625372,"actual"
"MK",2006,1.36986301369863,"actual"
"MK",2007,0.76530612244898,"actual"
"MK",2008,0.970873786407767,"actual"
"MK",2009,0.638977635782748,"actual"
"MK",2010,1.13895216400911,"actual"
"MK",2011,0.806451612903226,"actual"
"MK",2012,2.18181818181818,"actual"
"MK",2013,2.50536864710093,"actual"
"MK",2014,2.33998623537509,"actual"
"MK",2015,2.92652552926525,"actual"
"MK",2016,2.1301775147929,"actual"
"MK",2017,2.9658645775042,"proj"
"MK",2018,2.9613960867266,"proj"
"MK",2019,2.94705294705295,"proj"
"MK",2020,2.92728989612842,"proj"
"MK",2021,2.94380017841213,"proj"
"MK",2022,2.94117647058824,"proj"
"ML",2000,25.5464093102469,"actual"
"ML",2001,21.1752786220871,"actual"
"ML",2002,18.7869498576746,"actual"
"ML",2003,21.393961982855,"actual"
"ML",2004,18.5158630578957,"actual"
"ML",2005,18.5006435006435,"actual"
"ML",2006,68.3753639909895,"actual"
"ML",2007,20.8595387840671,"actual"
"ML",2008,17.565445026178,"actual"
"ML",2009,20.9417863700184,"actual"
"ML",2010,14.1182682154171,"actual"
"ML",2011,18.4218022979774,"actual"
"ML",2012,1.40403931310077,"actual"
"ML",2013,14.8712337990237,"actual"
"ML",2014,12.34335839599,"actual"
"ML",2015,10.8498620780244,"actual"
"ML",2016,8.31137874796136,"actual"
"ML",2017,9.84444444444444,"actual"
"ML",2018,5.68226894089647,"proj"
"ML",2019,7.74841337501184,"proj"
"ML",2020,7.92040407559,"proj"
"ML",2021,8.23379010027566,"proj"
"ML",2022,8.05084745762712,"proj"
"ML",2023,7.91259229694672,"proj"
"MM",2000,,"actual"
"MM",2001,,"actual"
"MM",2002,,"actual"
"MM",2003,,"actual"
"MM",2004,,"actual"
"MM",2005,,"actual"
"MM",2006,,"actual"
"MM",2007,0.00608790941190795,"actual"
"MM",2008,0.00799509634091091,"actual"
"MM",2009,0.0123012413557038,"actual"
"MM",2010,0.00791146195026328,"actual"
"MM",2011,0.00421276775011394,"actual"
"MM",2012,0.26652998462327,"actual"
"MM",2013,1.25214408233276,"actual"
"MM",2014,1.42259414225941,"actual"
"MM",2015,2.16609148983038,"actual"
"MM",2016,1.94653689754016,"actual"
"MM",2017,3.29323125531656,"proj"
"MM",2018,3.28660932356377,"proj"
"MM",2019,3.27982606282093,"proj"
"MN",2000,1.44508670520231,"actual"
"MN",2001,2.08333333333333,"actual"
"MN",2002,1.56657963446475,"actual"
"MN",2003,1.59151193633952,"actual"
"MN",2004,0.903614457831325,"actual"
"MN",2005,0.666666666666667,"actual"
"MN",2006,0.544959128065395,"actual"
"MN",2007,1.22249388753056,"actual"
"MN",2008,0.875979714153988,"actual"
"MN",2009,1.05315947843531,"actual"
"MN",2010,1.40935297885971,"actual"
"MN",2011,0.313339301700985,"actual"
"MN",2012,0.703376205787781,"actual"
"MN",2013,0.0501420691960555,"actual"
"MN",2014,0.0326743996079072,"actual"
"MN",2015,0.930072338959697,"actual"
"MN",2016,1.38445154419595,"actual"
"MN",2017,0.681646048977531,"proj"
"MN",2018,1.34025597681719,"proj"
"MN",2019,1.32083510864934,"proj"
"MN",2020,1.32073652752338,"proj"
"MN",2021,1.32881709223554,"proj"
"MN",2022,1.32936053174421,"proj"
"MN",2023,1.33324263655534,"proj"
"MR",2000,,"actual"
"MR",2001,,"actual"
"MR",2002,,"actual"
"MR",2003,13.1161236424394,"actual"
"MR",2004,9.58588957055215,"actual"
"MR",2005,7.84463061690785,"actual"
"MR",2006,62.192118226601,"actual"
"MR",2007,8.79654614139234,"actual"
"MR",2008,3.43915343915344,"actual"
"MR",2009,3.23607427055703,"actual"
"MR",2010,4.63443867359169,"actual"
"MR",2011,2.55644090305445,"actual"
"MR",2012,14.5587287953618,"actual"
"MR",2013,2.6739233317558,"actual"
"MR",2014,0.541871921182266,"actual"
"MR",2015,6.14950021729683,"actual"
"MR",2016,6.78517233904184,"actual"
"MR",2017,2.60692464358452,"actual"
"MR",2018,3.02051671732523,"proj"
"MR",2019,3.6325532658051,"proj"
"MR",2020,3.20076057677072,"proj"
"MR",2021,2.14810627473149,"proj"
"MR",2022,2.11599745060548,"proj"
"MU",2000,0.685106382978723,"actual"
"MU",2001,0.876420329428345,"actual"
"MU",2002,1.25440227929247,"actual"
"MU",2003,1.19809888441481,"actual"
"MU",2004,1.83515116241088,"actual"
"MU",2005,1.23162957908227,"actual"
"MU",2006,1.49253731343284,"actual"
"MU",2007,1.03092783505155,"actual"
"MU",2008,4.60829493087558,"actual"
"MU",2009,7.01754385964912,"actual"
"MU",2010,3.19634703196347,"actual"
"MU",2011,3.27102803738318,"actual"
"MU",2012,3.22882355333252,"actual"
"MU",2013,1.79354426334292,"actual"
"MU",2014,0.509576524336672,"actual"
"MU",2015,1.45837068913992,"actual"
"MU",2016,0.377251614365016,"actual"
"MU",2017,3.08312417577743,"actual"
"MU",2018,6.21692414604159,"proj"
"MU",2019,5.4220765215891,"proj"
"MU",2020,0.884724597871605,"proj"
"MU",2021,0.884135808285436,"proj"
"MU",2022,0.883425875734357,"proj"
"MU",2023,0.882905661666724,"proj"
"MV",2000,,"actual"
"MV",2001,,"actual"
"MV",2002,,"actual"
"MV",2003,,"actual"
"MV",2004,,"actual"
"MV",2005,,"actual"
"MV",2006,,"actual"
"MV",2007,,"actual"
"MV",2008,,"actual"
"MV",2009,,"actual"
"MV",2010,,"actual"
"MV",2011,7.82116944088775,"actual"
"MV",2012,3.63726461843409,"actual"
"MV",2013,1.01435571219806,"actual"
"MV",2014,1.0881034027961,"actual"
"MV",2015,3.71775417298938,"actual"
"MV",2016,1.01418784053515,"actual"
"MV",2017,1.0013518249637,"proj"
"MV",2018,0.841007329449352,"proj"
"MV",2019,0.794319946749501,"proj"
"MV",2020,0.738174770093612,"proj"
"MV",2021,0.682008687038025,"proj"
"MV",2022,0.632017512887508,"proj"
"MW",2000,28.1372899535216,"actual"
"MW",2001,33.1380833493374,"actual"
"MW",2002,28.1952452900003,"actual"
"MW",2003,25.0093711929529,"actual"
"MW",2004,35.0410988042603,"actual"
"MW",2005,33.1076466570897,"actual"
"MW",2006,42.4584348420738,"actual"
"MW",2007,42.9019453776959,"actual"
"MW",2008,36.2191134825042,"actual"
"MW",2009,36.1340181671185,"actual"
"MW",2010,30.7392996108949,"actual"
"MW",2011,23.8970588235294,"actual"
"MW",2012,16.6666666666667,"actual"
"MW",2013,37.3417721518987,"actual"
"MW",2014,13.6986301369863,"actual"
"MW",2015,13.136288998358,"actual"
"MW",2016,17.1018276762402,"actual"
"MW",2017,14.9646107178969,"actual"
"MW",2018,12.6760563380282,"proj"
"MW",2019,13.8359569179785,"proj"
"MW",2020,12.2062168309325,"proj"
"MX",2000,,"actual"
"MX",2001,,"actual"
"MX",2002,,"actual"
"MX",2003,,"actual"
"MX",2004,,"actual"
"MX",2005,0,"actual"
"MX",2006,0,"actual"
"MX",2007,0,"actual"
"MX",2008,0,"actual"
"MX",2009,0,"actual"
"MX",2010,0,"actual"
"MX",2011,0,"actual"
"MX",2012,0,"actual"
"MX",2013,0,"actual"
"MX",2014,0,"actual"
"MX",2015,0,"actual"
"MX",2016,0,"actual"
"MX",2017,0,"proj"
"MX",2018,0,"proj"
"MX",2019,0,"proj"
"MY",2000,0,"actual"
"MY",2001,0,"actual"
"MY",2002,0,"actual"
"MY",2003,0,"actual"
"MY",2004,0,"actual"
"MY",2005,0,"actual"
"MY",2006,0,"actual"
"MY",2007,0,"actual"
"MY",2008,0,"actual"
"MY",2009,0,"actual"
"MY",2010,0,"actual"
"MY",2011,0,"actual"
"MY",2012,0,"actual"
"MY",2013,0,"actual"
"MY",2014,0,"actual"
"MY",2015,0,"actual"
"MY",2016,0,"actual"
"MY",2017,0,"actual"
"MY",2018,0,"proj"
"MY",2019,,"proj"
"MY",2020,,"proj"
"MZ",2000,,"actual"
"MZ",2001,,"actual"
"MZ",2002,45.3866014404131,"actual"
"MZ",2003,42.4205665988418,"actual"
"MZ",2004,37.3828647925033,"actual"
"MZ",2005,31.7745994329946,"actual"
"MZ",2006,41.4648424795646,"actual"
"MZ",2007,36.8240015287598,"actual"
"MZ",2008,37.175697865353,"actual"
"MZ",2009,35.1242537831459,"actual"
"MZ",2010,31.5105035011671,"actual"
"MZ",2011,27.4904214559387,"actual"
"MZ",2012,18.8356164383562,"actual"
"MZ",2013,16.4248021108179,"actual"
"MZ",2014,13.4319526627219,"actual"
"MZ",2015,13.8127853881279,"proj"
"MZ",2016,8,"actual"
"MZ",2017,5.89611605053814,"proj"
"MZ",2018,5.57184750733138,"proj"
"MZ",2019,5,"proj"
"MZ",2020,3.14384151593454,"proj"
"MZ",2021,2.81011641910879,"proj"
"MZ",2022,2.54777070063694,"proj"
"MZ",2023,2.12140992167102,"proj"
"NA",1999,0.6087437742114,"actual"
"NA",2000,0.53612769586938,"actual"
"NA",2001,0.647465952221478,"actual"
"NA",2002,0.324768363740567,"actual"
"NA",2003,0.350621789811464,"actual"
"NA",2004,0.61820544793551,"actual"
"NA",2005,0.298272314975565,"actual"
"NA",2006,0.295945546019532,"actual"
"NA",2007,0.377321981424149,"actual"
"NA",2008,0.353989849447691,"actual"
"NA",2009,0.836942038640906,"actual"
"NA",2010,0.102660621096758,"actual"
"NA",2011,0.598322024267139,"actual"
"NA",2012,0.502883380250895,"actual"
"NA",2013,0.695156410192293,"actual"
"NA",2014,0.220198178360524,"actual"
"NA",2015,0.291182161261279,"actual"
"NA",2016,0,"actual"
"NA",2017,0.0850296753566995,"actual"
"NA",2018,0.0922934933087217,"proj"
"NA",2019,0.0971161443244667,"proj"
"NA",2020,0.0948309820112922,"proj"
"NA",2021,0.0955855625412297,"proj"
"NA",2022,0.0947808961102905,"proj"
"NE",2000,35.0442477876106,"actual"
"NE",2001,33.3667837431009,"actual"
"NE",2002,31.7062818336163,"actual"
"NE",2003,32.6600773528148,"actual"
"NE",2004,33.9163498098859,"actual"
"NE",2005,35.0961538461538,"actual"
"NE",2006,78.4255541979403,"actual"
"NE",2007,32.1624588364435,"actual"
"NE",2008,24.3021065250899,"actual"
"NE",2009,23.3719704952582,"actual"
"NE",2010,25.2278456466938,"actual"
"NE",2011,20.9293748847501,"actual"
"NE",2012,28.5055957867018,"actual"
"NE",2013,32.6655238911506,"actual"
"NE",2014,23.7210295845349,"actual"
"NE",2015,23.2321214542549,"actual"
"NE",2016,29.5733041575492,"actual"
"NE",2017,33.4506353861193,"actual"
"NE",2018,32.0906247358187,"proj"
"NE",2019,33.8810875410816,"proj"
"NE",2020,31.5647724212227,"proj"
"NE",2021,26.7590415051166,"proj"
"NE",2022,25.1303202153864,"proj"
"NE",2023,23.4062949352932,"proj"
"NG",2000,,"actual"
"NG",2001,,"actual"
"NG",2002,0,"actual"
"NG",2003,0,"actual"
"NG",2004,0,"actual"
"NG",2005,0,"actual"
"NG",2006,0,"actual"
"NG",2007,0,"actual"
"NG",2008,0,"actual"
"NG",2009,0,"actual"
"NG",2010,0,"actual"
"NG",2011,0,"actual"
"NG",2012,0,"actual"
"NG",2013,0,"actual"
"NG",2014,0,"actual"
"NG",2015,0,"actual"
"NG",2016,0,"actual"
"NG",2017,0,"actual"
"NG",2018,1.88270733314506,"proj"
"NG",2019,1.77860591174727,"proj"
"NG",2020,1.59825644751181,"proj"
"NG",2021,0,"proj"
"NG",2022,0,"proj"
"NG",2023,0,"proj"
"NI",2000,,"actual"
"NI",2001,,"actual"
"NI",2002,14.2857142857143,"actual"
"NI",2003,15.1832460732984,"actual"
"NI",2004,16.3366336633663,"actual"
"NI",2005,16.9811320754717,"actual"
"NI",2006,16.5876777251185,"actual"
"NI",2007,15.9732146502797,"actual"
"NI",2008,13.215989350294,"actual"
"NI",2009,11.4332380563495,"actual"
"NI",2010,11.2834207393584,"actual"
"NI",2011,11.4905718384915,"actual"
"NI",2012,10.1420818073512,"actual"
"NI",2013,9.02499483577773,"actual"
"NI",2014,5.66898066293201,"actual"
"NI",2015,4.53384522783101,"actual"
"NI",2016,5.03348547540844,"actual"
"NI",2017,4.53625523686755,"proj"
"NI",2018,4.59605524504596,"proj"
"NI",2019,4.13520540821633,"proj"
"NI",2020,3.99237589812107,"proj"
"NI",2021,3.59075630252101,"proj"
"NI",2022,3.58944378236983,"proj"
"NP",2000,,"actual"
"NP",2001,,"actual"
"NP",2002,,"actual"
"NP",2003,14.6341463414634,"actual"
"NP",2004,15.7381615598886,"actual"
"NP",2005,17.2869147659064,"actual"
"NP",2006,16.3313609467456,"actual"
"NP",2007,15.4901960784314,"actual"
"NP",2008,16.2809257781325,"actual"
"NP",2009,16.1172161172161,"actual"
"NP",2010,17.9319981369353,"actual"
"NP",2011,18.1818181818182,"actual"
"NP",2012,14.3356643356643,"actual"
"NP",2013,9.48012232415902,"actual"
"NP",2014,11,"actual"
"NP",2015,8.1447963800905,"actual"
"NP",2016,8.19047619047619,"actual"
"NP",2017,7.66721044045677,"proj"
"NP",2018,7.43440233236152,"proj"
"NP",2019,7.48031496062992,"proj"
"NP",2020,7.45562130177515,"proj"
"NP",2021,7.48663101604278,"proj"
"NP",2022,7.35721200387222,"proj"
"NR",2012,39.3194706994329,"actual"
"NR",2013,33.6538461538462,"actual"
"NR",2014,21.9387755102041,"actual"
"NR",2015,20.3893442622951,"actual"
"NR",2016,18.266253869969,"actual"
"NR",2017,16.036036036036,"proj"
"NR",2018,27.7997364953887,"proj"
"NR",2019,25.3861652115514,"proj"
"PA",2012,0,"actual"
"PA",2013,0,"actual"
"PA",2014,0,"actual"
"PA",2015,0,"actual"
"PA",2016,0,"proj"
"PA",2017,0,"proj"
"PE",2000,,"actual"
"PE",2001,,"actual"
"PE",2002,,"actual"
"PE",2003,,"actual"
"PE",2004,,"actual"
"PE",2005,,"actual"
"PE",2006,,"actual"
"PE",2007,,"actual"
"PE",2008,0.4739336492891,"actual"
"PE",2009,0,"actual"
"PE",2010,0,"actual"
"PE",2011,0.921658986175115,"actual"
"PE",2012,0.873362445414847,"actual"
"PE",2013,0.440528634361234,"actual"
"PE",2014,0.448430493273543,"actual"
"PE",2015,0.5,"actual"
"PE",2016,0.53475935828877,"actual"
"PE",2017,0.540540540540541,"proj"
"PE",2018,0.53475935828877,"proj"
"PE",2019,0.529100529100529,"proj"
"PE",2020,0.523560209424084,"proj"
"PE",2021,0.518134715025907,"proj"
"PE",2022,0.520833333333333,"proj"
"PG",2000,17.0879676440849,"actual"
"PG",2001,20.110103626943,"actual"
"PG",2002,21.5322829780661,"actual"
"PG",2003,20.3875545851528,"actual"
"PG",2004,19.6987253765933,"actual"
"PG",2005,24.1801733886167,"actual"
"PG",2006,14.5492129114327,"actual"
"PG",2007,10.2882420091324,"actual"
"PG",2008,14.2309331060929,"actual"
"PG",2009,14.400524848286,"actual"
"PG",2010,16.8381551870234,"actual"
"PG",2011,11.0452586206897,"actual"
"PG",2012,9.88427646246948,"actual"
"PG",2013,8.87137516419117,"actual"
"PG",2014,7.30885820141462,"actual"
"PG",2015,7.69953051643192,"actual"
"PG",2016,13.6385312350978,"actual"
"PG",2017,9.20152091254753,"proj"
"PG",2018,8.94152207839897,"proj"
"PG",2019,,"proj"
"PG",2020,,"proj"
"PH",2000,,"actual"
"PH",2001,,"actual"
"PH",2002,,"actual"
"PH",2003,,"actual"
"PH",2004,,"actual"
"PH",2005,,"actual"
"PH",2006,,"actual"
"PH",2007,,"actual"
"PH",2008,0,"actual"
"PH",2009,0,"actual"
"PH",2010,0,"actual"
"PH",2011,0,"actual"
"PH",2012,0,"actual"
"PH",2013,0,"actual"
"PH",2014,0,"actual"
"PH",2015,0,"actual"
"PH",2016,0,"actual"
"PH",2017,0,"proj"
"PH",2018,0,"proj"
"PH",2019,,"proj"
"PH",2020,,"proj"
"PK",2000,,"actual"
"PK",2001,6.82507583417594,"actual"
"PK",2002,11.7397454031117,"actual"
"PK",2003,14.200477326969,"actual"
"PK",2004,3.75302663438257,"actual"
"PK",2005,2.06521739130435,"actual"
"PK",2006,3.92506690454951,"actual"
"PK",2007,2.18538055764883,"actual"
"PK",2008,2.02482037883736,"actual"
"PK",2009,1.43846563665424,"actual"
"PK",2010,2.34741784037559,"actual"
"PK",2011,1.99479618386817,"actual"
"PK",2012,1.72347759479127,"actual"
"PK",2013,0.962815405046481,"actual"
"PK",2014,5.37017726798749,"actual"
"PK",2015,1.17971887550201,"actual"
"PK",2016,1.46244183469976,"actual"
"PK",2017,1.16116116116116,"actual"
"PK",2018,1.30357142857143,"proj"
"PK",2019,,"proj"
"PK",2020,,"proj"
"PW",2000,,"actual"
"PW",2001,,"actual"
"PW",2002,43.8243045387994,"actual"
"PW",2003,51.937266571524,"actual"
"PW",2004,50.9114785580141,"actual"
"PW",2005,48.6108081579234,"actual"
"PW",2006,43.8092161929371,"actual"
"PW",2007,57.0182519395489,"actual"
"PW",2008,52.0429087891898,"actual"
"PW",2009,52.456839309429,"actual"
"PW",2010,57.060849598163,"actual"
"PW",2011,51.5730337078652,"actual"
"PW",2012,49.8452012383901,"actual"
"PW",2013,44.4566410537871,"budget"
"PW",2014,43.4622467771639,"actual"
"PW",2015,37.5,"actual"
"PW",2016,37.3720136518771,"proj"
"PW",2017,38.9932381667919,"proj"
"PW",2018,36.1809045226131,"proj"
"PW",2019,35.59670781893,"proj"
"PW",2020,34.9405548216645,"proj"
"PW",2021,34.403080872914,"proj"
"PY",2011,,"actual"
"PY",2012,4.64135093074991,"actual"
"PY",2013,3.61990976401906,"actual"
"PY",2014,3.52422862422335,"actual"
"PY",2015,3.75,"actual"
"PY",2016,3.79746845740445,"actual"
"PY",2017,2.96610139689755,"proj"
"PY",2018,2.95358663509143,"proj"
"PY",2019,2.92886997854341,"proj"
"PY",2020,3.33333333333333,"proj"
"RS",2000,,"actual"
"RS",2001,,"actual"
"RS",2002,,"actual"
"RS",2003,0,"actual"
"RS",2004,0,"actual"
"RS",2005,0.138312586445367,"actual"
"RS",2006,0.23094688221709,"actual"
"RS",2007,0.0998003992015968,"actual"
"RS",2008,0.0875656742556918,"actual"
"RS",2009,0.610820244328098,"actual"
"RS",2010,0.571895424836601,"actual"
"RS",2011,0.230061349693252,"actual"
"RS",2012,0.212765957446809,"actual"
"RS",2013,0.204359673024523,"actual"
"RS",2014,0.580270793036751,"actual"
"RS",2015,0.428921568627451,"proj"
"RS",2016,0.506186726659168,"proj"
"RS",2017,0.422163588390501,"proj"
"RS",2018,0.822622107969152,"proj"
"RS",2019,0.578871201157742,"proj"
"RS",2020,0.499092558983666,"proj"
"RS",2021,0.46748831279218,"proj"
"RS",2022,0.596421471172962,"proj"
"RU",2000,,"actual"
"RU",2001,,"actual"
"RU",2002,,"actual"
"RU",2003,,"actual"
"RU",2004,0,"actual"
"RU",2005,0,"actual"
"RU",2006,0,"actual"
"RU",2007,0,"actual"
"RU",2008,0,"actual"
"RU",2009,0,"actual"
"RU",2010,0,"actual"
"RU",2011,0,"actual"
"RU",2012,0,"actual"
"RU",2013,0,"actual"
"RU",2014,0,"actual"
"RU",2015,0,"actual"
"RU",2016,0,"actual"
"RU",2017,0,"actual"
"RU",2018,0,"proj"
"RU",2019,0,"proj"
"RU",2020,0,"proj"
"RW",2000,,"actual"
"RW",2001,41.8353576248313,"actual"
"RW",2002,36.8683718028696,"actual"
"RW",2003,37.3913043478261,"actual"
"RW",2004,46.0579391272461,"actual"
"RW",2005,48.3972524327418,"actual"
"RW",2006,44.6276595744681,"actual"
"RW",2007,39.886627157949,"actual"
"RW",2008,43.9791586260131,"actual"
"RW",2009,38.4168157423971,"actual"
"RW",2010,51.1177719495441,"actual"
"RW",2011,44.1246150201374,"actual"
"RW",2012,43.5992755695358,"actual"
"RW",2013,33.1335694179606,"actual"
"RW",2014,35.4908709967076,"actual"
"RW",2015,29.31350436989,"actual"
"RW",2016,24.2394759032237,"actual"
"RW",2017,20.4356974873128,"actual"
"RW",2018,19.9750948095319,"proj"
"RW",2019,19.4443004509875,"proj"
"RW",2020,18.9784677015523,"proj"
"SA",2000,,"actual"
"SA",2001,,"actual"
"SA",2002,,"actual"
"SA",2003,,"actual"
"SA",2004,,"actual"
"SA",2005,,"actual"
"SA",2006,,"actual"
"SA",2007,,"actual"
"SA",2008,,"actual"
"SA",2009,,"actual"
"SA",2010,0,"actual"
"SA",2011,0,"actual"
"SA",2012,0,"actual"
"SA",2013,0,"actual"
"SA",2014,0,"actual"
"SA",2015,0,"actual"
"SA",2016,0,"actual"
"SA",2017,0,"actual"
"SA",2018,0,"proj"
"SB",2000,16.9244497323022,"actual"
"SB",2001,35.0866882162798,"actual"
"SB",2002,14.0472878998609,"actual"
"SB",2003,45.9539717891611,"actual"
"SB",2004,45.3772582359192,"actual"
"SB",2005,55.1983584131327,"actual"
"SB",2006,50.1824817518248,"actual"
"SB",2007,46.5832531280077,"actual"
"SB",2008,37.6824817518248,"actual"
"SB",2009,44.812030075188,"actual"
"SB",2010,48.9540964555491,"actual"
"SB",2011,45.025,"actual"
"SB",2012,38.2309941520468,"actual"
"SB",2013,34.268727705113,"actual"
"SB",2014,30.6845965770171,"actual"
"SB",2015,26.8309377138946,"actual"
"SB",2016,23.0312035661218,"actual"
"SB",2017,23.1295728109511,"proj"
"SB",2018,25.531453362256,"proj"
"SB",2019,25.1545117428925,"proj"
"SB",2020,24.8728979272585,"proj"
"SB",2021,24.9030828872069,"proj"
"SB",2022,24.8785565579459,"proj"
"SC",2000,,"actual"
"SC",2001,,"actual"
"SC",2002,,"actual"
"SC",2003,,"actual"
"SC",2004,,"actual"
"SC",2005,,"actual"
"SC",2006,,"actual"
"SC",2007,0.767841011743451,"actual"
"SC",2008,10.0626959247649,"actual"
"SC",2009,11.0276865321445,"actual"
"SC",2010,2.45801898272086,"actual"
"SC",2011,6.36218587953729,"actual"
"SC",2012,11.6514522821577,"actual"
"SC",2013,11.3056282722513,"actual"
"SC",2014,8.96508335954703,"actual"
"SC",2015,2.29445506692161,"actual"
"SC",2016,3.33009574025253,"actual"
"SC",2017,2.32277121374866,"actual"
"SC",2018,,"proj"
"SC",2019,,"proj"
"SC",2020,,"proj"
"SD",2000,,"actual"
"SD",2001,,"actual"
"SD",2002,,"actual"
"SD",2003,,"actual"
"SD",2004,,"actual"
"SD",2005,,"actual"
"SD",2006,,"actual"
"SD",2007,,"actual"
"SD",2008,,"actual"
"SD",2009,,"actual"
"SD",2010,3.33732261925115,"actual"
"SD",2011,1.90982416020273,"actual"
"SD",2012,4.41143167715929,"actual"
"SD",2013,5.84795321637427,"actual"
"SD",2014,5.29531568228106,"actual"
"SD",2015,3.14232902033272,"actual"
"SD",2016,2.79232111692845,"actual"
"SD",2017,3.3205619412516,"proj"
"SD",2018,2.64496439471007,"proj"
"SD",2019,2.27848101265823,"proj"
"SD",2020,2.1602787456446,"proj"
"SD",2021,1.94986072423398,"proj"
"SD",2022,1.72413793103448,"proj"
"SL",2000,39.676402511302,"actual"
"SL",2001,30.3843165343404,"actual"
"SL",2002,39.2263460533194,"actual"
"SL",2003,37.1672997892355,"actual"
"SL",2004,40.1419491230324,"actual"
"SL",2005,43.5668155749477,"actual"
"SL",2006,60.6924458645358,"actual"
"SL",2007,72.8446203621663,"actual"
"SL",2008,28.3422459893048,"actual"
"SL",2009,40.0320256204964,"actual"
"SL",2010,34.8271446862996,"actual"
"SL",2011,32.6878745965883,"actual"
"SL",2012,25.2392344497608,"actual"
"SL",2013,19.3708024036762,"actual"
"SL",2014,30.1004394224733,"actual"
"SL",2015,33.3142530051517,"actual"
"SL",2016,20.1050884955752,"actual"
"SL",2017,17.5708324181858,"proj"
"SL",2018,13.4081294831709,"proj"
"SL",2019,11.7898594990837,"proj"
"SL",2020,10.722968650032,"proj"
"SL",2021,10.4050049390846,"proj"
"SN",2000,10.2187450103784,"actual"
"SN",2001,9.28657435279952,"actual"
"SN",2002,8.54547956515756,"actual"
"SN",2003,9.77443609022556,"actual"
"SN",2004,10.1598173515982,"actual"
"SN",2005,7.85340314136126,"actual"
"SN",2006,7.04633204633205,"actual"
"SN",2007,10.8763693270736,"actual"
"SN",2008,10.7585139318885,"actual"
"SN",2009,13.9463601532567,"actual"
"SN",2010,11.5796997855611,"actual"
"SN",2011,9.82961992136304,"actual"
"SN",2012,12.3353293413174,"actual"
"SN",2013,11.3253012048193,"actual"
"SN",2013,11.4726971869829,"budget"
"SN",2014,13.4789557805008,"actual"
"SN",2014,11.7864693446089,"budget"
"SN",2015,10.4496788008565,"actual"
"SN",2016,11.1111111111111,"actual"
"SN",2017,10.550635348479,"actual"
"SN",2018,10.2428722280887,"proj"
"SN",2019,10.1504963176433,"proj"
"SN",2020,10.079341757273,"proj"
"SN",2021,9.94904800214535,"proj"
"SN",2022,9.91102323282254,"proj"
"SO",2013,37.6353790613718,"actual"
"SO",2014,40.3044341495698,"actual"
"SO",2015,19.0644932671864,"actual"
"SO",2016,34.1320864991233,"actual"
"SO",2017,42.6156941649899,"actual"
"SO",2018,36.9988545246277,"proj"
"SO",2019,34.7554630593132,"proj"
"SO",2020,32.5779036827195,"proj"
"SR",2000,7.8328173374613,"actual"
"SR",2001,4.25531914893617,"actual"
"SR",2002,4.58855919241358,"actual"
"SR",2003,6.88405797101449,"actual"
"SR",2004,5.3030303030303,"actual"
"SR",2005,6.15942028985507,"actual"
"SR",2006,5.12820512820513,"actual"
"SR",2007,6.22950819672131,"actual"
"SR",2008,8.78661087866109,"actual"
"SR",2009,13.0952380952381,"actual"
"SR",2010,8.7719298245614,"actual"
"SR",2011,2.96296296296296,"actual"
"SR",2012,0,"actual"
"SR",2013,0,"actual"
"SR",2014,0,"actual"
"SR",2015,0,"actual"
"SR",2016,0,"proj"
"SR",2017,0,"proj"
"SR",2018,0,"proj"
"SR",2019,,"proj"
"SR",2020,,"proj"
"SS",2000,,"actual"
"SS",2001,,"actual"
"SS",2002,,"actual"
"SS",2003,,"actual"
"SS",2004,,"actual"
"SS",2005,,"actual"
"SS",2006,,"actual"
"SS",2007,,"actual"
"SS",2008,,"actual"
"SS",2009,,"actual"
"SS",2010,,"actual"
"SS",2011,,"actual"
"SS",2012,13.2231404958678,"actual"
"SS",2013,59.5238095238095,"actual"
"SS",2014,0,"actual"
"SS",2015,28.8288288288288,"actual"
"SS",2016,1.14942528735632,"actual"
"SS",2017,2.66666666666667,"proj"
"SS",2018,9.37223695844385,"proj"
"SS",2019,,"proj"
"SS",2020,,"proj"
"ST",2000,,"actual"
"ST",2001,64.1334941696824,"actual"
"ST",2002,53.8273615635179,"actual"
"ST",2003,55.9052664381427,"actual"
"ST",2004,53.1340152111199,"actual"
"ST",2005,20.9660842754368,"actual"
"ST",2006,43.1578947368421,"actual"
"ST",2007,76.4305598515311,"actual"
"ST",2008,63.7254901960784,"actual"
"ST",2009,46.8341708542714,"actual"
"ST",2010,52.1892655367232,"actual"
"ST",2011,49.3218249075216,"actual"
"ST",2012,52.0166073546857,"actual"
"ST",2013,41.6162726772952,"actual"
"ST",2014,39.8640296662546,"actual"
"ST",2015,42.0722135007849,"actual"
"ST",2016,50.4385964912281,"actual"
"ST",2017,40.9603135717785,"proj"
"ST",2018,46.830985915493,"proj"
"ST",2019,45.6958393113343,"proj"
"ST",2020,45.1791530944625,"proj"
"SV",2000,,"actual"
"SV",2001,2.58064516129032,"actual"
"SV",2002,1.92307692307692,"actual"
"SV",2003,3.04878048780488,"actual"
"SV",2004,1.88679245283019,"actual"
"SV",2005,1.81818181818182,"actual"
"SV",2006,1.16959064327485,"actual"
"SV",2007,1.7800746482917,"actual"
"SV",2008,1.42015005359057,"actual"
"SV",2009,3.20682553692262,"actual"
"SV",2010,4.3123849592427,"actual"
"SV",2011,5.0722920123252,"actual"
"SV",2012,3.94853593611358,"actual"
"SV",2013,1.51774262505344,"actual"
"SV",2014,0.970668917493142,"actual"
"SV",2015,1.07679804957334,"actual"
"SV",2016,0.872534142640364,"actual"
"SV",2017,0.783754898468115,"actual"
"SV",2018,2.18413978494624,"proj"
"SV",2019,2.35122425814821,"proj"
"SV",2020,0.944584382871537,"proj"
"SV",2021,0.363912054586808,"proj"
"SV",2022,0.34944670937682,"proj"
"SV",2023,0.336653107027634,"proj"
"SY",2000,,"actual"
"SY",2001,0,"actual"
"SY",2002,0,"actual"
"SY",2003,0,"actual"
"SY",2004,0,"actual"
"SY",2005,0,"actual"
"SY",2006,0,"actual"
"SY",2007,0,"actual"
"SY",2008,0,"actual"
"SY",2009,0,"proj"
"SY",2010,0,"proj"
"SY",2011,,"proj"
"SY",2012,,"proj"
"SY",2013,,"proj"
"SY",2014,,"proj"
"SY",2015,,"proj"
"SY",2016,,"proj"
"SY",2017,,"proj"
"SY",2018,,"proj"
"SY",2019,,"proj"
"SY",2020,,"proj"
"SZ",2000,3.96772024209818,"actual"
"SZ",2001,4.07881203394189,"actual"
"SZ",2002,4.76079278437783,"actual"
"SZ",2003,3.52318084126497,"actual"
"SZ",2004,2.39580321368086,"actual"
"SZ",2005,3.13323998472477,"actual"
"SZ",2006,2.06593022965863,"actual"
"SZ",2007,0.751699416144154,"actual"
"SZ",2008,1.50602409638554,"actual"
"SZ",2009,1.30053105017882,"actual"
"SZ",2010,0.144550448106389,"actual"
"SZ",2011,0.240416722318686,"actual"
"SZ",2012,0.353066754249117,"actual"
"SZ",2013,1.51808535357447,"actual"
"SZ",2014,5.26814734561213,"actual"
"SZ",2015,2.25034199726402,"actual"
"SZ",2016,3.60152704746813,"actual"
"SZ",2017,2.66633285347687,"proj"
"SZ",2018,2.58942550885222,"proj"
"SZ",2019,2.44178800067985,"proj"
"SZ",2020,2.60603502848702,"proj"
"SZ",2021,2.59497714650808,"proj"
"SZ",2022,2.58218111894515,"proj"
"TD",2000,40.768094534712,"actual"
"TD",2001,40.990990990991,"actual"
"TD",2002,43.0309173846934,"actual"
"TD",2003,49.6158511928831,"actual"
"TD",2004,25.9536275243082,"actual"
"TD",2005,26.4534145722265,"actual"
"TD",2006,10.0870125684821,"actual"
"TD",2007,6.06730533038566,"actual"
"TD",2008,5.40955304047573,"actual"
"TD",2009,17.5840978593272,"actual"
"TD",2010,6.45463049579046,"actual"
"TD",2011,6.39943741209564,"actual"
"TD",2012,10.8300907911803,"actual"
"TD",2013,8.72586872586873,"actual"
"TD",2014,8.90924229808493,"actual"
"TD",2015,22.8248587570621,"actual"
"TD",2016,20.2216066481994,"actual"
"TD",2017,24.969696969697,"actual"
"TD",2018,24.6138002059732,"proj"
"TD",2019,20.2051282051282,"proj"
"TD",2020,18.1172291296625,"proj"
"TD",2021,15.1103565365025,"proj"
"TG",2000,,"actual"
"TG",2001,,"actual"
"TG",2002,,"actual"
"TG",2003,3.22202694786175,"actual"
"TG",2004,4.40111420612813,"actual"
"TG",2005,6.97179350718467,"actual"
"TG",2006,7.55073147711185,"actual"
"TG",2007,9.11935628073313,"actual"
"TG",2008,8.42673308426733,"actual"
"TG",2009,8.28488372093023,"actual"
"TG",2010,10.0217864923747,"actual"
"TG",2011,15.4016008832459,"actual"
"TG",2012,8.26597131681877,"actual"
"TG",2013,13.9804096170971,"actual"
"TG",2014,11.3324764353042,"actual"
"TG",2015,10.6024096385542,"actual"
"TG",2016,13.2329774199195,"actual"
"TG",2017,14.8564713782105,"actual"
"TG",2018,16.1713890808569,"proj"
"TG",2019,16.3689294693662,"proj"
"TG",2020,16.318093385214,"proj"
"TG",2021,,"proj"
"TG",2022,,"proj"
"TH",2000,,"actual"
"TH",2001,,"actual"
"TH",2002,,"actual"
"TH",2003,,"actual"
"TH",2004,,"actual"
"TH",2005,,"actual"
"TH",2006,,"actual"
"TH",2007,,"actual"
"TH",2008,0,"actual"
"TH",2009,0,"actual"
"TH",2010,0,"actual"
"TH",2011,0,"actual"
"TH",2012,0,"actual"
"TH",2013,,"actual"
"TH",2014,,"actual"
"TH",2015,,"actual"
"TH",2016,,"proj"
"TH",2017,,"proj"
"TH",2018,,"proj"
"TH",2019,,"proj"
"TH",2020,,"proj"
"TH",2021,,"proj"
"TH",2022,,"proj"
"TJ",2000,0,"actual"
"TJ",2001,0,"actual"
"TJ",2002,1.42857142857143,"actual"
"TJ",2003,1.81818181818182,"actual"
"TJ",2004,3.71376811594203,"actual"
"TJ",2005,3.66782006920415,"actual"
"TJ",2006,19.9086757990868,"actual"
"TJ",2007,8.67595818815331,"actual"
"TJ",2008,7.34274711168164,"actual"
"TJ",2009,14.6821288051356,"actual"
"TJ",2010,9.92659909122684,"actual"
"TJ",2011,9.22090070827208,"actual"
"TJ",2012,12.0531822144725,"actual"
"TJ",2013,7.98243863500299,"proj"
"TJ",2014,,"actual"
"TJ",2015,,"actual"
"TJ",2016,,"actual"
"TJ",2017,,"proj"
"TJ",2018,,"proj"
"TJ",2019,,"proj"
"TJ",2020,,"proj"
"TL",2000,,"actual"
"TL",2001,53.8330494037479,"actual"
"TL",2002,42.037037037037,"actual"
"TL",2003,39.9753997539975,"actual"
"TL",2004,33.0170777988615,"actual"
"TL",2005,10.0890207715134,"actual"
"TL",2006,0.193423597678917,"actual"
"TL",2007,1.0536398467433,"actual"
"TL",2008,0.0409165302782324,"actual"
"TL",2009,13.64714998305,"actual"
"TL",2010,11.3006941907198,"actual"
"TL",2011,7.36713722233755,"actual"
"TL",2012,5.83300774516789,"actual"
"TL",2013,7.03970142795327,"actual"
"TL",2014,10.5788423153693,"actual"
"TL",2015,13.307439498058,"actual"
"TL",2016,18.2978263220504,"proj"
"TL",2017,11.9605896280455,"proj"
"TL",2018,14.9448907154866,"proj"
"TL",2019,15.4481464101361,"proj"
"TL",2020,18.3586236375294,"proj"
"TL",2021,,"proj"
"TM",2015,0,"actual"
"TM",2016,0,"actual"
"TM",2017,0,"actual"
"TM",2018,0,"proj"
"TM",2019,0,"proj"
"TN",2000,1.28106189226733,"actual"
"TN",2001,1.131156930126,"actual"
"TN",2002,1.59287257019438,"actual"
"TN",2003,0.998702983138781,"actual"
"TN",2004,0.863496569671162,"actual"
"TN",2005,0.779770524674167,"actual"
"TN",2006,0.491954494209286,"actual"
"TN",2007,0.330244931657646,"actual"
"TN",2008,1.4373409192993,"actual"
"TN",2009,1.29341665455602,"actual"
"TN",2010,0.364298724954463,"actual"
"TN",2011,1.28931796947991,"actual"
"TN",2012,3.71332428124447,"actual"
"TN",2013,0.606093999669403,"actual"
"TN",2014,1.81277860326895,"actual"
"TN",2015,1.46402607169717,"actual"
"TN",2016,0.632019057805435,"actual"
"TN",2017,1.10683959275062,"actual"
"TN",2018,1.38116320429863,"proj"
"TN",2019,0.831468928440244,"proj"
"TN",2020,,"proj"
"TO",2000,,"actual"
"TO",2001,,"actual"
"TO",2002,2.10084033613445,"actual"
"TO",2003,2.92044310171198,"actual"
"TO",2004,4.68468468468468,"actual"
"TO",2005,4.5045045045045,"actual"
"TO",2006,6.40776699029126,"actual"
"TO",2007,13.2163742690058,"actual"
"TO",2008,5.08177570093458,"actual"
"TO",2009,25.2993232691307,"actual"
"TO",2010,26.4362220058423,"actual"
"TO",2011,26.4362220058423,"actual"
"TO",2012,34.1685649202733,"actual"
"TO",2013,39.8917665249324,"actual"
"TO",2014,45.3135313531353,"actual"
"TO",2015,35.6610169491525,"actual"
"TO",2016,40.131940626718,"actual"
"TO",2017,42.8469070933843,"actual"
"TO",2018,47.2467581281714,"proj"
"TO",2019,48.6275222686784,"proj"
"TO",2020,,"proj"
"TR",2006,,"actual"
"TR",2007,,"actual"
"TR",2008,0.0225140673034051,"actual"
"TR",2009,0.0422156521287589,"actual"
"TR",2010,0.0292135180171671,"actual"
"TR",2011,0.027373825657191,"actual"
"TR",2012,0.0319044495121919,"actual"
"TR",2013,0.0408004930432472,"actual"
"TR",2014,0.0375534938549419,"actual"
"TR",2015,0.0521886486509401,"actual"
"TR",2016,0.0443685430415589,"actual"
"TR",2017,0.230948822874646,"actual"
"TR",2018,,"proj"
"TR",2019,,"proj"
"TR",2020,,"proj"
"TR",2021,,"proj"
"TV",2000,,"actual"
"TV",2001,,"actual"
"TV",2002,,"actual"
"TV",2003,,"actual"
"TV",2004,,"actual"
"TV",2005,,"actual"
"TV",2006,24.0566037735849,"actual"
"TV",2007,26.0089686098655,"actual"
"TV",2008,24.8201438848921,"actual"
"TV",2009,33.8658146964856,"actual"
"TV",2010,22.7091633466135,"actual"
"TV",2011,30.6818181818182,"actual"
"TV",2012,32.9230769230769,"actual"
"TV",2013,22.9508196721311,"actual"
"TV",2014,27.906976744186,"actual"
"TV",2015,24.6153846153846,"actual"
"TV",2016,17.910447761194,"actual"
"TV",2017,20,"actual"
"TV",2018,26.3736263736264,"proj"
"TV",2019,27.536231884058,"proj"
"TV",2020,25.7142857142857,"proj"
"TV",2021,24.3243243243243,"proj"
"TV",2022,20.5128205128205,"proj"
"TV",2023,18.2926829268293,"proj"
"TZ",2000,28.4589738840526,"actual"
"TZ",2001,23.5463442717329,"actual"
"TZ",2002,26.9710124632404,"actual"
"TZ",2003,33.8243287313838,"actual"
"TZ",2004,32.2820037105751,"actual"
"TZ",2005,36.5068002863278,"actual"
"TZ",2006,30.0065876152833,"actual"
"TZ",2007,25.8588044360292,"actual"
"TZ",2008,30.329754601227,"actual"
"TZ",2009,23.788389845553,"actual"
"TZ",2010,22.6430298146656,"actual"
"TZ",2011,22.0985475770327,"actual"
"TZ",2012,20.4362674892586,"actual"
"TZ",2013,16.9911504424779,"actual"
"TZ",2014,13.4907824313992,"actual"
"TZ",2015,8.5454393724443,"actual"
"TZ",2016,3.43702263574504,"actual"
"TZ",2017,6.15801048891896,"proj"
"TZ",2018,5.26510350654837,"proj"
"TZ",2019,6.87949434342509,"proj"
"TZ",2020,6.41071930035704,"proj"
"TZ",2021,5.63811967639617,"proj"
"UA",2000,,"actual"
"UA",2001,,"actual"
"UA",2002,,"actual"
"UA",2003,0,"actual"
"UA",2004,0,"actual"
"UA",2005,0,"actual"
"UA",2006,0,"actual"
"UA",2007,0,"actual"
"UA",2008,0,"actual"
"UA",2009,0,"actual"
"UA",2010,0,"actual"
"UA",2011,0,"actual"
"UA",2012,0,"actual"
"UA",2013,0,"actual"
"UA",2014,0,"actual"
"UA",2015,0,"actual"
"UA",2016,0,"actual"
"UA",2017,0,"proj"
"UA",2018,0,"proj"
"UA",2019,,"proj"
"UA",2020,,"proj"
"UA",2021,,"proj"
"UG",2000,32.7191867852605,"actual"
"UG",2001,41.0658307210031,"actual"
"UG",2002,36.3313008130081,"actual"
"UG",2003,36.644591611479,"actual"
"UG",2004,42.803783153999,"actual"
"UG",2005,38.0680012710518,"actual"
"UG",2006,30.0431832202344,"actual"
"UG",2007,26.3927192498621,"actual"
"UG",2008,17.2368421052632,"actual"
"UG",2009,17.3339199296084,"actual"
"UG",2010,16.8029595015576,"actual"
"UG",2011,12.3268698060942,"actual"
"UG",2012,14.6332046332046,"actual"
"UG",2013,11.3617072874985,"actual"
"UG",2014,7.91788856304985,"actual"
"UG",2014,9.39782435768964,"budget"
"UG",2015,8.42915346310548,"actual"
"UG",2015,10.0437083045779,"budget"
"UG",2016,9.0772515221001,"actual"
"UG",2017,7.31533585013177,"proj"
"UG",2018,9.14464953552901,"proj"
"UY",2000,,"actual"
"UY",2001,,"actual"
"UY",2002,,"actual"
"UY",2003,,"actual"
"UY",2004,,"actual"
"UY",2005,,"actual"
"UY",2006,0,"actual"
"UY",2007,0,"actual"
"UY",2008,0,"actual"
"UY",2009,0,"actual"
"UY",2010,0,"actual"
"UY",2011,0,"actual"
"UY",2012,0,"actual"
"UY",2013,0,"actual"
"UY",2014,0,"actual"
"UY",2015,0,"actual"
"UY",2016,12.5301204819277,"actual"
"UY",2017,,"proj"
"UY",2018,,"proj"
"UY",2019,,"proj"
"UY",2020,,"proj"
"UZ",2000,,"actual"
"UZ",2001,,"actual"
"UZ",2002,,"actual"
"UZ",2003,3.28367284889024,"actual"
"UZ",2004,2.43346007604563,"actual"
"UZ",2005,1.26504794939808,"actual"
"UZ",2006,0.951066114434729,"actual"
"UZ",2007,0.560349658186709,"actual"
"UZ",2008,0.463654223968566,"actual"
"UZ",2009,1.15069841855886,"actual"
"UZ",2010,1.09423403617468,"actual"
"UZ",2011,1.05694650966523,"actual"
"UZ",2012,0.999558554581573,"actual"
"UZ",2013,1.01682381216491,"proj"
"UZ",2014,1.01769812752472,"proj"
"UZ",2015,,"actual"
"UZ",2016,,"actual"
"UZ",2017,,"actual"
"UZ",2018,,"proj"
"UZ",2019,,"proj"
"UZ",2020,,"proj"
"VC",2000,3.74531835205993,"actual"
"VC",2001,4.80225988700565,"actual"
"VC",2002,3.49206349206349,"actual"
"VC",2003,1.54320987654321,"actual"
"VC",2004,2.34604105571848,"actual"
"VC",2005,4.7887323943662,"actual"
"VC",2006,1.45985401459854,"actual"
"VC",2007,5.18672199170125,"actual"
"VC",2008,8.42811859034123,"actual"
"VC",2009,14.2512972572276,"actual"
"VC",2010,7.89868667917448,"actual"
"VC",2011,9.11847957945815,"actual"
"VC",2012,6.40281806879403,"actual"
"VC",2013,4.972270032511,"actual"
"VC",2014,6.86359687228497,"actual"
"VC",2015,4.35546188970847,"actual"
"VC",2016,4.14716798450863,"actual"
"VC",2017,3.48307291666667,"actual"
"VC",2018,4.82442748091603,"proj"
"VC",2019,4.76466328747285,"proj"
"VC",2020,4.77181301151339,"proj"
"VC",2021,4.76380042462845,"proj"
"VC",2022,4.76674717173001,"proj"
"VE",2006,0,"proj"
"VE",2007,0,"proj"
"VE",2008,0,"proj"
"VE",2009,0,"proj"
"VE",2010,0,"proj"
"VE",2011,0,"proj"
"VE",2012,0,"proj"
"VE",2013,0,"proj"
"VE",2014,0,"proj"
"VE",2015,0,"proj"
"VE",2016,0,"proj"
"VN",2000,,"actual"
"VN",2001,,"actual"
"VN",2002,,"actual"
"VN",2003,,"actual"
"VN",2004,,"actual"
"VN",2005,1.66374781085814,"actual"
"VN",2006,2.82748747315676,"actual"
"VN",2007,1.36075949367089,"actual"
"VN",2008,2.09302325581395,"actual"
"VN",2009,1.72786177105832,"actual"
"VN",2010,2.04081632653061,"actual"
"VN",2011,1.66898470097357,"actual"
"VN",2012,1.36239782016349,"actual"
"VN",2013,1.32689987937274,"actual"
"VN",2014,1.25570776255708,"actual"
"VN",2015,1.20361083249749,"actual"
"VN",2016,0.830258302583026,"actual"
"VN",2017,0.424088210347752,"actual"
"VN",2018,0.38971161340608,"proj"
"VN",2019,,"proj"
"VN",2020,,"proj"
"VU",2000,5.09090909090909,"actual"
"VU",2001,9.09584577789845,"actual"
"VU",2002,10.2810337522949,"actual"
"VU",2003,5.37120359955006,"actual"
"VU",2004,10.6976744186047,"actual"
"VU",2005,7.87037037037037,"actual"
"VU",2006,8.7378640776699,"actual"
"VU",2007,8.10810810810811,"actual"
"VU",2008,23.823564809243,"actual"
"VU",2009,27.2781065088757,"actual"
"VU",2010,26.5218172023703,"actual"
"VU",2011,18.691470513794,"actual"
"VU",2012,13.7909160111647,"actual"
"VU",2013,10.2418908106112,"actual"
"VU",2014,17.6324993274146,"actual"
"VU",2015,36.8907054193158,"actual"
"VU",2016,26.9350997320631,"actual"
"VU",2017,26.4992884732669,"actual"
"VU",2018,25.9103902560278,"proj"
"VU",2019,24.6912884127432,"proj"
"VU",2020,24.2340127422212,"proj"
"VU",2021,23.8085682753085,"proj"
"VU",2022,23.6379592514409,"proj"
"VU",2023,23.4659458976478,"proj"
"WS",2000,22.5498007968128,"actual"
"WS",2001,24.8094512195122,"actual"
"WS",2002,31.6712517193948,"actual"
"WS",2003,24.4481054365733,"actual"
"WS",2004,22.4110796348757,"actual"
"WS",2005,46.0247855100095,"actual"
"WS",2006,18.4956208140134,"actual"
"WS",2007,20.2341824157765,"actual"
"WS",2008,16.904814244889,"actual"
"WS",2009,22.4954277585857,"actual"
"WS",2010,29.0936785986291,"actual"
"WS",2011,25.2820874471086,"actual"
"WS",2012,25.0494515374933,"actual"
"WS",2013,33.2346305696559,"actual"
"WS",2014,33.2346305696559,"actual"
"WS",2015,27.8419897585955,"actual"
"WS",2016,25.7825148407987,"actual"
"WS",2017,21.0785655625513,"actual"
"WS",2018,22.7130521837067,"proj"
"WS",2019,21.0364410790345,"proj"
"WS",2020,20.8177209609874,"proj"
"WS",2021,20.8101584636373,"proj"
"WS",2022,19.2315511282781,"proj"
"XK",2000,,"actual"
"XK",2001,,"actual"
"XK",2002,,"actual"
"XK",2003,,"actual"
"XK",2004,,"actual"
"XK",2005,,"actual"
"XK",2006,,"actual"
"XK",2007,,"actual"
"XK",2008,,"actual"
"XK",2009,,"actual"
"XK",2010,3.21489001692047,"actual"
"XK",2011,1.9534184823441,"actual"
"XK",2012,2.73264401772526,"actual"
"XK",2013,0,"actual"
"XK",2014,0,"actual"
"XK",2015,0,"actual"
"XK",2016,0,"actual"
"XK",2017,0,"proj"
"XK",2018,0.37593984962406,"proj"
"XK",2019,0,"proj"
"XK",2020,0,"proj"
"XK",2021,0,"proj"
"XK",2022,0,"proj"
"YE",2000,0.866462793068298,"actual"
"YE",2001,1.13924050632911,"actual"
"YE",2002,1.3568281938326,"actual"
"YE",2003,1.23456790123457,"actual"
"YE",2004,2.27882037533512,"actual"
"YE",2005,1.246660730187,"actual"
"YE",2006,1.0351966873706,"actual"
"YE",2007,1.05042016806723,"actual"
"YE",2008,0.709219858156028,"actual"
"YE",2009,1.64576802507837,"actual"
"YE",2010,4.67869222096956,"actual"
"YE",2011,4.73506200676437,"actual"
"YE",2012,20.4405286343612,"actual"
"YE",2013,3.95180722891566,"actual"
"YE",2014,5.81942661531878,"proj"
"YE",2015,,"proj"
"YE",2016,,"proj"
"YE",2017,,"proj"
"YE",2018,,"proj"
"YE",2019,,"proj"
"YE",2020,,"proj"
"ZA",1999,0,"actual"
"ZA",2000,0,"actual"
"ZA",2001,0,"actual"
"ZA",2002,0,"actual"
"ZA",2003,0,"actual"
"ZA",2004,0,"actual"
"ZA",2005,0,"actual"
"ZA",2006,0,"actual"
"ZA",2007,0,"actual"
"ZA",2008,0,"actual"
"ZA",2009,0,"actual"
"ZA",2010,0,"actual"
"ZA",2011,0,"actual"
"ZA",2012,0,"actual"
"ZA",2013,0,"actual"
"ZA",2014,0,"actual"
"ZA",2015,0,"actual"
"ZA",2016,0,"actual"
"ZA",2017,0,"proj"
"ZA",2018,0,"proj"
"ZA",2019,0,"proj"
"ZM",2000,18.5364281108962,"actual"
"ZM",2001,23.1075697211155,"actual"
"ZM",2002,31.697581591923,"actual"
"ZM",2003,27.9106232849863,"actual"
"ZM",2004,23.2177576150356,"actual"
"ZM",2005,24.4408731753047,"actual"
"ZM",2006,60.665676077266,"actual"
"ZM",2007,19.8004893657068,"actual"
"ZM",2008,16.8348250610252,"actual"
"ZM",2009,15.3258906583484,"actual"
"ZM",2010,9.13875912889006,"actual"
"ZM",2011,3.5288884495626,"actual"
"ZM",2012,9.1161009006072,"actual"
"ZM",2013,8.23150161181498,"actual"
"ZM",2014,4.01406665821822,"actual"
"ZM",2015,1.07201998779815,"actual"
"ZM",2016,1.33218300388236,"actual"
"ZM",2017,4.30120310048029,"proj"
"ZM",2018,3.27301970245275,"proj"
"ZM",2019,3.2892018610667,"proj"
"ZM",2020,3.19964017618959,"proj"
"ZM",2021,3.05887452924761,"proj"
"ZM",2022,2.9978534786985,"proj"
"ZW",2000,,"actual"
"ZW",2001,,"actual"
"ZW",2002,,"actual"
"ZW",2003,,"actual"
"ZW",2004,,"actual"
"ZW",2005,0,"actual"
"ZW",2006,0,"actual"
"ZW",2007,0,"actual"
"ZW",2008,0,"actual"
"ZW",2009,42.5492610837438,"actual"
"ZW",2010,21.105527638191,"actual"
"ZW",2011,0,"actual"
"ZW",2012,0,"actual"
"ZW",2013,0,"actual"
"ZW",2014,0,"actual"
"ZW",2015,0,"actual"
"ZW",2016,0,"actual"
"ZW",2017,,"proj"
"ZW",2018,,"proj"
"ZW",2019,,"proj"
